Season,TeamID,FGMR,FGAR,FGMR3,FGAR3,FTMR,FTAR,ORR,DRR,AstR,TOR,StlR,BlkR,PFR
2011,1155,1.1439312277,1.0228099694,1.4459362486,1.1755960941,1.4335385037,1.3666042128,1.1589513926,1.1431099324,1.22250642,0.9011582222,1.4342664382,2.7426900531,1.0108090738
2011,1421,1.1285308483,1.0226460935,1.0796159988,0.9708126525,1.2306336382,1.1486171099,0.9308014411,1.014962885,1.2237529115,0.9229811784,1.3723663919,1.5895649935,1.0076528864
2011,1427,0.9909758974,0.9730843526,1.4575177897,0.979703535,1.3432263448,1.2490893185,1.0193503456,1.0165059617,1.0875541702,1.0634423655,1.2813821483,1.2018685361,0.9707059403
2011,1433,1.0118643109,1.0431935684,1.8530265521,1.60781452,1.5132167527,1.3803949716,0.9863645258,0.932510727,1.1563769047,0.8453164394,1.9164002797,1.4541020068,1.0200321642
2011,1139,1.1365306643,1.0710342296,1.5010831214,1.2148247093,1.4135238216,1.1479592056,1.3121398301,1.0934682217,1.4527697172,0.9700340353,1.3478269504,0.91336108,1.0319874495
2011,1140,1.1683643846,1.0495565591,1.7341305621,1.3605859379,1.8369346427,1.4177197426,1.2112360665,1.1200792897,1.3256747477,0.8264114971,1.6187499109,1.7963964109,0.9117873758
2011,1153,1.2034953747,1.1011302544,1.9874628342,1.3773076838,1.4790261778,1.4491560674,1.4702327193,1.1214038929,1.4047761895,0.8756209798,1.5108287986,2.1328560763,1.0211635268
2011,1163,1.0914500806,1.0003052888,1.1078410576,1.0251032376,1.7391297884,1.4853623707,1.159183127,1.1981102975,1.1597384351,1.0131003253,1.2283591003,2.1580721756,0.8769224797
2011,1196,1.1291362651,1.0155282392,1.3719520349,1.0863274776,1.8105478175,1.5111233516,1.4143277101,1.1938073103,1.305587804,1.1182826434,1.3121300393,1.5126965235,0.8111979044
2011,1211,1.2440730445,1.0097515228,0.9168198351,0.8474549234,1.9002949881,1.387598956,1.415562367,1.2908104944,1.643792348,0.9981429291,1.3728884151,1.7960565439,0.9367405611
2011,1243,1.1462916348,1.1027653275,1.7116761378,1.4221540666,1.1495767907,1.1180919182,1.6896728194,1.1877396091,1.9455671343,1.0269507096,1.2638701077,1.6504985542,0.9556578814
2011,1246,1.202740723,1.0099672821,1.7633832466,1.186443743,1.5757094041,1.3679411075,1.1739253715,1.2370263388,1.2392181687,0.9075026714,1.3802209241,2.5790418264,0.8911020191
2011,1287,1.1694085971,1.0771743166,0.9834614354,1.0329326549,1.3841054271,1.319228562,1.6722285361,1.2544440931,1.0100131629,1.095677588,1.4885970304,1.6912596835,1.0571165149
2011,1338,1.2240002627,1.0280148176,1.3515867046,0.95800443,1.7055787033,1.6153789633,1.9286127167,1.3866704654,1.6294533566,1.2235945181,1.4112583377,1.1601272054,0.9146413062
2011,1350,1.1503150653,0.9712192997,2.1898107823,1.2748332024,1.394981702,1.3140479906,0.8286381511,1.0702724826,1.4733293463,0.9032839141,1.8116594555,2.1554110056,0.9220782859
2011,1361,1.2347174963,1.0605679084,1.677137938,1.1416987722,1.4724832631,1.4322796769,1.3762323361,1.2079903383,1.3654324072,0.9468814078,1.649587861,2.787137543,0.9259218496
2011,1396,1.1386630901,1.0328585699,1.4323031336,1.1812442589,1.8665069793,1.5290953961,1.2200286572,1.1220661084,1.4380562374,0.8588030374,1.58008676,1.7924383516,0.9427181848
2011,1417,1.0467351593,0.9437107492,1.4232340116,1.2363071972,1.5591081965,1.511474556,1.1869115148,1.2561031504,1.460035268,1.3236821483,1.0300963146,3.1155556766,0.9483555843
2011,1452,1.062483044,1.0146972251,1.9410968021,1.2842475741,1.4730229691,1.4092557789,1.2787947828,1.1262385449,1.5551177509,1.0573620283,0.9208601206,2.1397710361,0.8776626946
2011,1458,1.1846256958,1.116987302,2.1252246641,1.7552430283,1.344858817,1.21541608,1.7802494329,1.1459029632,1.7445768248,0.795479038,1.1970739553,2.0225974477,1.0028922297
2011,1112,1.0695280582,0.9808660561,2.5686692411,1.4027379534,1.5770649891,1.3397531023,1.2611553516,1.2520305532,1.1840281542,1.0876740456,0.9792152,1.541713092,0.9654101454
2011,1181,1.2057356607,1.006924285,2.2512676179,1.6848877646,1.7422697259,1.4313105013,1.037351706,1.1805969387,1.3837831919,0.876862908,1.7143662517,2.0354273662,0.9152828618
2011,1199,1.2080623219,1.0156650454,1.1629120537,0.9512634042,1.257495496,1.2428731004,1.3117114362,1.2327340015,1.2410763657,1.1162600897,1.3750434274,2.5055988484,1.0162294449
2011,1206,1.2025878868,1.0141173698,1.5309011806,0.9848911831,1.5171344923,1.3835197826,1.0168863613,1.1688649971,1.3973318081,0.9138181105,1.6966106074,1.5381263989,0.8939723514
2011,1228,1.187954006,1.005628195,1.3596277943,0.9835156881,0.9682780263,0.9537062395,0.9986006571,1.221300173,1.4584260119,1.3263228369,1.2252920912,2.3735882485,1.1042027096
2011,1242,1.3402511353,1.012974423,1.9310146475,1.0689162132,1.5138455385,1.5918115293,1.329206787,1.4145851101,1.9085982847,1.0438613308,1.792379057,1.9169969749,0.921928862
2011,1266,1.081083341,0.9908258531,0.8348607309,0.7929166637,2.0304876995,1.7791237356,1.170561315,1.1572892703,1.0948853491,0.9126026763,1.5666106583,1.37520011,0.8276164643
2011,1276,1.0722567193,1.011223088,1.4720301772,1.3224291496,1.3117657098,1.21638967,0.8524621944,1.0202691603,1.2372404855,0.9572321984,1.3429664006,0.9189342873,1.078903761
2011,1314,1.132299018,0.9994707916,1.0878932055,0.7910207723,1.7684047611,1.6651739142,1.2890528142,1.2129662548,1.2818915681,1.0027810634,0.9385351457,2.4109284325,0.8253369407
2011,1323,1.0747145272,0.9201456102,1.3849243442,1.1171861978,2.1940051449,2.0159140494,1.1070651613,1.2554030448,1.3245206129,1.1978243571,0.9952316207,1.6714461666,0.7674664991
2011,1326,1.2392775798,1.0477105342,1.5616825396,1.1243660199,2.8184201236,2.4232975562,1.3767401056,1.1775183795,1.46937274,0.7342320411,2.4019643679,1.5513826789,0.767143698
2011,1345,1.1869122975,1.0667879839,2.4871600726,1.4582314239,1.3587255703,1.3174193752,1.1557475455,1.0720275269,1.4000689497,0.7592052742,1.6248662688,1.8462894181,1.0021233414
2011,1393,1.2606443286,1.0096012727,1.4194381089,0.8949434888,1.5571842341,1.4264152696,1.0554011099,1.3039456756,1.2895589677,0.9335595021,1.7334288057,3.6100847202,0.9299657496
2011,1400,1.2250457277,1.01526084,1.8439693817,1.0949364589,1.5656920299,1.57210765,1.42802808,1.260202207,1.8800735094,0.9571766398,1.2326383934,2.3037189091,0.8372660077
2011,1449,1.2926733882,1.1248910102,2.3264708972,1.6708645744,0.9255677291,0.9002410581,1.3149595616,1.1368564242,1.7793823992,0.9009518874,1.667559107,2.6779770406,1.0883176698
2011,1412,1.1269194697,1.0393477087,1.8096121517,1.4618418111,1.2018208222,1.0785991559,1.2926819344,1.1240784766,1.4386692669,1.1002454365,1.0672241668,1.2768370174,1.0162437709
2011,1114,1.0211499685,1.0538780197,1.7568541435,1.0074763495,1.2410768443,1.1924998749,1.1127922362,0.9308815118,1.0219248831,0.9146864207,1.9307025837,0.9528574262,1.0677758899
2011,1106,1.0556060085,1.0652130275,1.1033252309,1.1823939009,0.8637241173,0.9473075961,1.2658290195,1.01382184,1.2006333204,1.0982396165,1.1723909395,2.2340405015,1.1327009642
2011,1425,1.1348325099,1.0363527319,1.5661342429,1.1531046976,1.035076471,1.1202638987,1.2999726963,1.0442201632,1.3781924968,0.9963090653,1.5557168999,1.5907035261,1.034940557
2011,1330,1.1641080006,1.0455625473,0.783464833,0.8378884965,2.3424995778,2.2089880652,2.2543478224,1.4225467517,1.2122986441,1.1759100437,1.3788105833,2.2259061479,0.8313166024
2011,1459,1.1581210378,1.0523435203,1.407386002,1.0587791743,1.0881254604,1.1469678289,1.506857493,1.096359559,1.4774135743,0.9175101258,1.735930439,1.3772083171,0.982022921
2011,1281,1.2146195862,1.1172153409,1.4624147159,1.307287391,1.2662962075,1.117266212,1.0581163894,0.9439429319,1.3740728638,0.7249745025,2.0426763095,2.9490746014,1.1361019696
2011,1137,1.1810818103,0.9958574297,1.3890457937,0.9128214285,1.2694921977,1.1086186988,0.8681227451,1.1545816823,1.3362754756,0.9942958377,1.2612768028,1.6638281976,1.0993542639
2011,1364,1.0900427554,0.986306258,1.3747158754,1.1160880289,1.0032284996,0.9048694982,1.0327346745,1.1255050872,1.2509495794,1.1589072656,1.448386195,2.4948984751,1.1816321664
2011,1385,1.1396694295,1.0592621753,0.6784859555,0.6669042695,1.3916555538,1.3748040687,1.1377917228,1.0839828692,0.9635376677,0.8213839293,1.7080539018,1.1410333616,0.9426300271
2011,1429,1.2620827124,0.9965771491,1.4793643727,1.0142834898,1.7633154209,1.4883841902,1.4872298034,1.3530268952,1.5909267253,1.0131722299,1.1366558146,1.9119638591,0.9291994508
2011,1343,1.1070226628,1.0045897787,1.4746898914,1.2315873891,1.1696545019,1.1498858435,1.4310468155,1.1882495333,1.3386739357,1.0688868027,1.4174918575,1.5991039539,0.9904851142
2011,1257,1.2837599278,1.103220699,1.9763834334,1.4689562452,0.9185764039,0.9340447064,1.1200772602,1.0675042491,1.7316815582,0.8604401729,1.6444038504,2.9164350151,1.155315444
2011,1435,1.024137227,0.9112085492,1.576467957,1.1752082066,1.9652072507,1.7330439157,1.0165315157,1.2173221007,1.271379747,1.1266557138,0.9897460709,2.1340218018,0.8453173728
2011,1294,1.0797257624,1.0349900082,1.3165449176,1.0196754389,1.371437419,1.2019158801,1.4318840005,1.2340622427,1.0467937035,1.1364006253,1.300511072,0.7487327715,0.9608264434
2011,1336,1.0138365466,1.0076550718,1.091553722,1.0717556288,1.7529352988,1.5524072812,1.2260542899,1.1231022369,0.9138822549,1.1357863975,1.177807526,1.0440118274,0.9280731354
2011,1277,1.0598939585,1.0216766354,1.3685992851,1.1942754862,1.3807347632,1.1482376465,1.4176601623,1.1560817005,1.3855065759,1.2346363337,1.4127914633,2.4543630209,1.1534160273
2011,1125,1.3690549771,1.1789334635,2.6177699527,1.8047295746,1.2524153299,1.0141064765,1.2763228633,1.1203593471,1.5759460114,0.7677785708,1.8046124329,1.1484656044,1.0410283657
2011,1272,1.1178359179,1.0041914175,1.343711717,1.096033047,1.1351534789,1.1090638225,1.0752454554,1.130616215,1.2694875454,1.089454714,1.3293259091,1.8781194929,1.1095865378
2011,1214,1.0744632643,1.00062709,1.5317229474,1.2226184454,1.2618710528,1.3243087125,0.9880479275,0.9344033761,1.2505512305,0.8058515252,2.3100692807,3.0044687449,0.9324274109
2011,1401,1.1079917206,1.0007886038,1.2278051198,0.9966873173,1.5553356009,1.4403399593,1.3851933724,1.2270669278,1.3141626031,1.0587319275,1.1520383079,0.7016728111,0.9004067483
2011,1437,1.1337371809,1.0044275636,1.4538903643,0.9923047578,1.6553225104,1.397615259,1.2462823915,1.2165516373,1.0812217629,1.0435158117,1.2922852682,1.7465462782,0.9086937738
2011,1424,1.2492108938,1.0688893383,1.1607241464,1.1024332179,1.2577586151,1.1818052572,1.3558695291,1.1357432878,1.633648278,0.8359682703,2.4251394759,2.0066313581,1.017190637
2011,1131,0.9961015209,0.9585783209,1.4368941853,1.101075365,1.6489834264,1.4235957496,1.0843533679,1.1142432107,0.9111770873,1.0846488488,1.273649341,1.656782198,1.0105206655
2011,1462,1.1472916648,0.9837399061,0.9813676914,0.926585815,1.4374979281,1.336138069,1.5747661619,1.2398551034,1.1264822488,1.0264230283,1.1436822779,1.3902937706,0.8617272134
2011,1397,1.1221962481,1.0657038321,0.9001758665,0.9616790339,1.2140261983,1.264930006,1.4728652004,1.1271548987,1.2480173385,0.9584622522,1.3400238512,1.4372075208,1.0883641502
2011,1254,1.008675725,0.9334254321,1.4665646978,1.003703475,2.3472500725,2.2586119133,1.2223058077,1.1850665291,1.0482348601,1.0724873231,1.2004191448,1.6248833382,0.7409314949
2011,1103,1.0852066071,1.0334181734,2.4468892969,1.4717023797,1.0476860751,0.9106847643,0.9839321022,0.9939353576,1.371352938,0.9329984934,1.5006382899,2.0602232269,1.1016398929
2011,1389,1.1096547163,1.0001065293,1.3759342945,1.0680893376,1.0576854011,1.0593247406,1.0038343539,1.0771930854,1.2176068283,1.1755531324,1.3866401093,1.6231759582,1.0344293942
2011,1232,1.1101970717,1.0176806844,1.4029754627,1.1837253656,0.9469524005,0.9403130027,1.0694499683,1.0777729783,1.1829635589,1.208708281,1.3773183703,2.1815029552,1.0529744143
2011,1324,1.0930336201,0.9645375246,1.9134061325,1.409241328,1.5295500564,1.4020057095,1.0858854593,1.2594057538,1.3251604408,1.3462028283,1.3555345722,3.5660987152,0.9420810067
2011,1207,1.110471073,0.9672374886,1.7479609144,1.3044256542,1.085724498,0.9980240031,0.9751183705,1.2523798614,1.3361538831,1.2573842838,1.0744942565,1.7459723353,1.1431628868
2011,1208,1.1551263621,0.9936570516,0.9798638072,0.8002503042,1.2410690001,1.1779031011,1.4025355889,1.2448970399,1.8668465945,1.1963832085,1.2321736777,2.6052048237,1.0175613382
2012,1140,1.2128997851,1.0666333158,1.3095131295,1.0021766,1.5876585386,1.2977557684,1.2160198307,1.1384767033,1.4086806555,0.8662310908,1.7822318152,2.080911593,1.0126488029
2012,1443,0.9295343317,1.0085653883,1.580947639,1.353289519,1.2632384803,1.3145625925,1.4254656082,0.9774198422,1.05792149,1.0680059579,1.0250294852,1.795866264,1.0584370093
2012,1378,1.0559358808,0.9503863538,1.1419940866,0.9577428322,1.2556523302,1.1770540763,1.165080635,1.2122673242,1.1195727143,1.3248498031,0.9183602215,1.3781121576,1.0171314576
2012,1436,1.0981422556,1.010764144,1.4489023582,1.0123188534,1.5058100985,1.3323063612,1.2148940354,1.2084340726,1.5415691309,1.0453656421,1.2902033636,1.1154769128,0.9576601766
2012,1124,1.1547400204,1.0057103651,1.4504684678,1.0512281609,1.6203384882,1.276756143,1.2044377728,1.2300420532,1.2660680501,1.0212009445,1.3241394457,2.1958236107,0.9844292284
2012,1160,1.0324001442,0.9499852607,1.1163288523,0.9003250385,1.768453572,1.6386623332,1.3037583511,1.1572379055,1.1282793386,1.1234303268,1.2965464254,1.2377005125,0.9931972243
2012,1211,1.0972074848,0.9383999109,1.2601566751,0.9490708563,2.3718409325,1.9680051429,1.1880371604,1.3261024507,1.4102683897,1.1328820765,1.1680905905,1.6441076989,0.7686135199
2012,1231,1.1624728244,0.9814454568,1.2894597704,0.9146133635,1.5723999891,1.4011325418,1.2231726858,1.2718260915,1.4876177972,1.115792636,1.139995226,1.5285283083,0.8930175821
2012,1235,0.9993897269,0.9575058443,1.8607380794,1.3424933795,1.7356512468,1.6735120096,1.4307637345,1.1925116905,1.2202318755,1.1231970171,1.2266018396,1.5044557409,0.9220420359
2012,1243,1.2019137905,1.0760112857,1.2570692936,1.1218015658,1.238125591,1.1785006943,1.4188275366,1.1634339333,1.3639868218,0.9289831315,0.9305886318,2.646282283,0.9468659972
2012,1246,1.2893139087,0.9744188432,1.5991392993,0.9892285168,2.185751291,2.0254242517,1.1813707832,1.3984726315,1.3672425358,1.0056894376,1.949827559,3.4363814093,0.8215206087
2012,1257,1.1732237705,1.0242981856,1.6528907786,1.1471262288,2.0178999369,1.3336783762,1.0792826953,1.1275695123,1.4804210929,0.9828124148,1.4509713858,2.0452766148,0.9859609047
2012,1266,1.1440046471,1.0004798543,1.0688644405,0.9507484979,1.8677368321,1.6931900875,1.0127143955,1.1005451352,1.2612406317,0.8589279251,1.4514882621,1.3056214178,0.9189749546
2012,1293,1.1123753291,0.9685364525,2.1026487283,1.3143874505,1.5623878595,1.3407169577,0.9537302798,1.1679296446,1.3407030173,0.9140728722,1.6161097922,2.5935321717,0.9442373054
2012,1307,1.235144529,1.0113893692,1.6727582727,1.0802187868,1.871323325,1.718945761,1.268145228,1.2704303376,1.5383458237,1.0676302998,1.5060532759,2.2103872171,0.930338774
2012,1326,1.3517422035,1.1028016881,1.1385373426,0.8585726135,1.9547573119,1.959068372,1.7122949536,1.2293770415,1.6940787074,0.9344068259,2.3048478178,1.7967166557,0.9190221543
2012,1393,1.3043463118,1.0703391398,1.1443950841,0.9550382972,1.5573933839,1.4845649587,0.9472677332,1.0494572829,1.2475364139,0.6646702917,2.4498301723,3.6754726819,0.9107359202
2012,1433,1.1427140975,1.1598569306,2.1787305821,1.6246280324,1.2523640762,1.2280577185,1.3054354152,0.9068959377,1.3419287896,0.6709257465,2.3545518624,1.4500852174,1.0071095888
2012,1435,1.0542466326,0.9548915348,2.1252046351,1.3887449709,1.938885685,1.9554233298,1.1495196745,1.1681009858,1.3163592586,1.1099689966,1.0517571907,1.5684879199,0.9108671488
2012,1458,1.2274653676,1.0366849112,2.8888626611,2.0825735836,1.5811623014,1.5235913869,1.1880820211,1.1479441699,1.9873413626,0.9565185678,1.8685325841,1.8390155179,0.8962854858
2012,1153,1.1148072957,1.0813208653,1.67897671,1.2888650101,1.6618954955,1.4258421101,1.2642350622,1.0054899642,1.0853248064,0.8220489278,2.5087240502,2.4998939194,1.0115870878
2012,1166,1.1076866192,0.943826276,1.5243305103,1.178182724,1.7138436124,1.3702806161,1.081232614,1.4085280987,1.4346290885,1.5670482445,0.870687374,1.3798657207,0.939861683
2012,1196,1.1364008345,1.0464186408,2.1363878779,1.5893644441,1.8148770173,1.3529603484,1.1976179012,1.1016662135,1.3635288664,0.9289044109,1.7899620214,1.5591178294,0.9448148177
2012,1199,1.2139661769,1.0000048497,1.2401852148,0.8937841461,1.1987667973,1.1900717842,1.0875706785,1.2536032532,1.2910511914,1.1415494604,1.2367323848,3.2962012408,1.0583809015
2012,1207,1.2148585854,0.9942112779,1.46079205,0.9701057261,1.4117599812,1.2681753689,1.1047114695,1.3231068778,1.3002228304,1.0702856092,1.3405187108,2.3934753838,0.978660114
2012,1242,1.3123079961,1.0079172554,1.440954202,1.1602505388,1.3938351495,1.4152832888,1.2836354467,1.2999737925,1.6953257415,1.0271593998,1.4782190682,2.5484975655,0.9916469412
2012,1250,1.1428376682,1.0565564943,1.6892009508,1.25027728,1.8588747625,1.4195237865,1.288330477,1.0911135408,1.102067409,0.8291487246,1.7779397905,1.2222194382,0.9794457136
2012,1277,1.3042791151,1.0231855854,1.1534000773,0.8427124303,1.4596323844,1.3575960886,1.5346273784,1.3820792416,1.5649489049,1.0846360288,1.2864781857,2.3972871726,0.9788359233
2012,1301,1.1360497511,1.0064804073,1.2074171197,0.8480109538,1.2782930637,1.2136431047,1.2410329841,1.2042334345,1.6388162087,1.1198444195,1.2195971572,1.7325428926,0.9939525605
2012,1313,1.0599539978,0.9451023655,1.2303387447,0.9620471958,1.2813752974,1.2230274509,1.0272294239,1.1691920547,1.151214082,1.1815612731,1.1206883606,2.1590088283,0.9954473909
2012,1314,1.2208478151,1.031092365,0.9149191114,0.711870826,2.5533518052,2.2657018877,1.6336024049,1.3178937542,1.6019958304,1.0649531001,1.5186651216,2.4590746858,0.7401341421
2012,1325,1.1851618469,1.1550705316,1.6184465334,1.3333595358,1.1126950458,1.1647935197,1.4138131456,0.95315244,1.2936025258,0.7614226289,1.8803244856,1.0829015742,1.0655146456
2012,1345,1.1766964772,1.1069217576,1.5845566335,1.3222851806,1.4798315558,1.4583718772,1.3376935621,0.9644195981,1.3021997311,0.7127983654,2.6214438187,1.6905612496,1.0437435882
2012,1387,1.2817390052,1.1022216246,2.5031170148,1.6445091423,1.2337714219,1.2053798105,1.2880996657,1.0906314662,2.028153578,0.7905309218,1.824130737,1.0450036426,0.9807161393
2012,1462,1.1245521837,0.9743413086,1.0328866,0.7224730642,1.1273532626,1.2147324652,1.2007272342,1.1287348031,1.0950311561,1.0688963812,1.1032307605,1.6132778837,0.9950503372
2012,1233,1.1823149868,1.0468312179,1.2102257083,1.0166552288,1.2736857451,1.2144741943,1.0775967113,1.1058113176,1.5855554724,0.8372345007,1.9913191287,1.0997775532,0.9771653091
2012,1290,1.0501864521,1.1140290758,1.6726642575,1.4147902201,1.1189346852,1.077577571,1.4983958612,0.9496407518,1.2983158592,0.9470354768,1.999575082,0.8699548007,1.2083884738
2012,1143,1.2126305334,0.999171292,1.0885559214,0.8082473673,1.7074458582,1.5727884061,1.2723007138,1.2266739492,1.745851702,1.0345203318,1.4646063015,1.7391620256,0.8318860092
2012,1249,1.0776594313,1.0566756441,1.153862416,0.9499217186,1.6138820944,1.3924139987,1.5525075645,1.1165211351,1.1502074451,0.9001318604,1.809624589,1.6947783221,0.9608003103
2012,1355,1.0874313467,1.0137072801,1.7254653856,1.308403074,1.6552779543,1.5394714877,1.2682508377,1.0708946387,1.3312040522,0.8736217928,1.5640562198,1.0558261851,0.8628886938
2012,1424,1.1561223897,1.0119154774,1.8660747899,1.3579166456,1.376059037,1.2854658921,1.1964587776,1.1573376757,1.7004364115,0.98365114,1.4542751423,2.8385924856,0.9649948085
2012,1452,1.0669568572,1.0667910451,1.2619365935,1.1055232136,1.5300253365,1.5062983746,1.8205794735,1.1192361417,1.2752012595,1.0020745783,0.974227567,1.2522234332,0.8617005503
2012,1308,1.0933918883,0.9861270096,0.9317754494,0.824900059,1.7799407216,1.7191586866,1.56869101,1.2844948638,1.1691235671,1.0635028482,1.506014318,1.9477790577,0.8322148398
2012,1163,1.1342951345,0.9456014178,0.860408928,0.8492094025,1.4804736228,1.5929583132,1.0570983672,1.2596451077,1.2457738707,1.2309727516,1.0106148181,3.9187612072,0.8606727361
2012,1379,1.0571146666,1.1489609447,1.6055907784,1.2378569864,1.4456786494,1.2693996755,2.3340438426,0.9886039143,1.0485369522,0.7909734242,1.6309549152,0.8374887052,0.9574798582
2012,1172,1.1559461577,1.076891523,1.8152115966,1.7229067225,1.5280831863,1.483843014,1.6504855286,1.1847208135,1.3961735687,0.9958228335,1.4224904555,1.5468531449,1.079981512
2012,1161,1.0827830812,0.9786795815,0.9267516604,0.7508404962,1.39281787,1.2693831008,1.2432772511,1.1679938498,1.191657553,1.0922816016,1.1406734188,1.0600706605,1.0303060381
2012,1253,1.1109280481,0.9748371733,1.2230056153,1.0807147392,1.82683966,1.9102779168,1.1412373906,1.155346261,1.1942338103,0.9880013464,1.4592861901,1.5140158824,0.8238391125
2012,1259,1.0405911243,1.0478943938,1.2519164637,1.1668005356,1.406780504,1.2439130263,1.358217981,1.1478174616,1.1134561084,1.0104522107,1.9593291406,1.6147309065,1.0035132506
2012,1421,1.0158228526,0.9708285038,1.1000194778,1.0546583956,1.6667546859,1.4243264542,0.9195460631,1.1062505865,1.1324473757,0.8819939742,1.5228878853,1.0402325087,0.8447771634
2012,1455,1.2991777908,1.0263439215,1.6874256308,1.1303674979,1.6503963749,1.328603784,1.2500416357,1.3147396195,1.6294951448,1.0460100817,1.4751519167,2.1311354069,0.9746001777
2012,1217,1.115367869,0.9487355236,1.5080086984,1.2969925226,1.9102191036,1.8027783076,1.1180391179,1.3450908121,1.4918738797,1.1477505554,1.5192582173,2.3177460139,0.8571265532
2012,1285,1.1927123833,1.0148437747,1.5528197858,1.1617179844,1.2362310076,1.2057480443,0.8481413337,1.133173875,1.620274628,0.9227362483,1.4595001095,1.4173889745,1.0315904609
2012,1400,1.1388794399,1.0509733574,1.141287564,1.1670791768,1.9484846743,1.6854729212,1.3918690645,1.1409464693,1.2954050348,1.0093150019,1.6820909037,1.4968188572,0.9660742296
2012,1104,1.2196374872,1.0181489834,1.2009169623,0.9201253299,1.3150139762,1.1376732638,1.0559663884,1.1997302932,1.3263154113,1.0453275624,1.7461801669,1.5898690812,1.1842555039
2012,1438,1.2174529616,1.0071933351,1.4272740497,0.9598319765,1.6029291486,1.3395715134,1.3576683699,1.2094506616,1.7986895879,0.9651504626,1.28502056,1.8339648768,1.028543499
2012,1382,1.1055943915,0.9869443805,1.2416922283,0.9859110753,1.3134960116,1.1659515096,1.357286341,1.282090506,1.2922804554,1.2470715848,1.1529850733,2.5115401727,0.9832203788
2012,1125,1.2036191386,1.0299605751,2.2107381911,1.466114642,1.4362629748,1.2154590608,1.1339305767,1.1809233201,1.5225203101,0.9047671614,1.3948585034,0.8578260902,0.9848451889
2012,1178,1.0659348831,1.0595865744,0.7928382276,0.8725599155,1.3308548222,1.2615748274,1.3166020378,1.0450849791,1.0381725438,0.8917562381,1.51063303,2.3020904226,1.0031939918
2012,1181,1.0514120885,0.9662460632,2.626414943,1.7004312843,1.5246660412,1.4805739072,1.2755707789,1.1502050788,1.2596779199,0.9764840778,1.3177461665,2.322620657,0.8880897502
2012,1254,0.9042096268,0.8508087538,1.406109753,1.0543057638,2.357872247,2.2229086297,0.9570540176,1.2596740939,1.0118192489,1.227290208,0.9126722559,1.4881359904,0.6883649857
2012,1361,1.1279156299,0.995418679,1.3333262329,0.9045800534,2.1736848811,1.7321241518,1.3593754009,1.1734946523,1.1198943804,1.0952294077,1.3270870228,1.2154736564,0.9260282678
2012,1281,1.1741401728,1.0049522789,1.6202077132,1.3827221504,1.9941230225,1.6309718111,1.0600377454,1.1588578736,1.4276532074,0.7543594554,1.7548958278,1.6775883236,0.7804334874
2012,1276,1.0768774931,1.0045051349,1.5368751555,1.4451753127,1.3057333337,1.1674495635,1.002691888,1.056855517,1.3032113475,0.9620884658,1.2833829907,1.2902615177,1.0283122777
2012,1388,1.1155842485,1.0171819059,1.8572007367,1.5642085997,1.7569154209,1.5024959667,1.5155649981,1.2671105069,1.4520287817,1.1120579861,1.761434181,1.7013232208,0.8793152094
2012,1396,1.0967351758,1.0016376536,1.6873275229,1.1445046596,1.2318585554,1.180353336,1.0758060905,1.1255576211,1.3729015313,0.9742027776,1.7160655215,1.6170849853,1.0842213521
2012,1272,1.2902883149,0.9901880928,1.3990602492,0.9286326684,1.2596584103,1.1646513316,1.0204320989,1.2699270454,1.5282519053,1.0246335327,1.7103017371,2.5432539272,1.0525905034
2012,1323,1.0074103069,0.9465429631,1.9963276687,1.3209561217,2.2812585578,1.9501475067,1.0027241846,1.0879401403,1.2819754074,1.0202445941,1.3108644128,2.1110209197,0.8041693886
2013,1299,1.0715710641,0.999447019,1.291526877,1.0117663981,1.1757760447,1.1274245344,1.1186005537,1.0711265996,1.0914336947,0.9909594043,1.5529009146,1.9755072002,1.0682631157
2013,1388,1.2722503763,1.0759117184,1.9961045852,1.689280921,1.2801657333,1.2217257738,1.893804409,1.3075005538,1.5468810547,1.0821943643,1.1032522691,1.5397261659,1.0415076254
2013,1241,1.0718303777,1.050118552,1.117394927,1.0329481252,1.1559011164,1.0623817791,1.2148056573,0.9657632808,1.0698537585,0.8411336015,2.047431362,2.0996500084,1.036578824
2013,1247,1.0282645373,1.0345661232,2.5199248464,1.6558508998,1.4203065849,1.3190406365,1.0331898081,0.9344218843,1.2465609768,0.8106258022,1.6305787687,1.3442167918,0.9956722089
2013,1112,1.1342326883,1.0283879487,1.6881481872,1.3674534133,1.5057852484,1.4033571605,1.4752830986,1.2467457827,1.4761328829,1.0187821325,1.4229588557,2.0812940924,0.9486070746
2013,1139,1.1029954933,1.0175117752,1.5432002868,1.4642485372,1.2069614409,1.2030471269,1.6734941913,1.2781362163,1.2799885721,1.3120049786,1.2781057866,1.143017017,1.0180338289
2013,1143,1.1187092952,0.988687049,0.8949547855,0.8783414866,1.326284074,1.198576412,1.1671421664,1.2373130272,1.2825178729,1.2459021611,1.1690136824,2.1735406452,1.0736822375
2013,1161,1.1609555234,1.0877653853,0.8765617134,0.8265189552,1.6697204662,1.5067765936,2.3693518923,1.3194183345,1.6763258768,1.0878285074,1.3232205572,0.8894961022,0.8630481421
2013,1211,1.3650845302,1.0105119851,1.1995647563,0.8939317939,1.793818179,1.5453002003,1.2736071915,1.3902880287,1.7049792507,0.903155401,1.5222107217,1.4316636678,0.8051257608
2013,1217,0.9924406795,0.8951945716,1.8463590676,1.2589981384,1.6258917153,1.5390945346,0.8487957025,1.1138431951,1.2797665927,1.0657597496,1.5182206733,1.9511312389,0.8070804682
2013,1257,1.3269857941,1.1141864048,1.2915336073,1.0627508694,1.7039299174,1.4330805689,1.3356256462,1.1352424883,1.6733469852,0.7012785502,2.2672712923,1.5701420925,0.9432252621
2013,1266,1.1384688105,0.9632334206,0.7921873311,0.7982653695,1.6185506027,1.49825494,1.112769865,1.2795774037,1.1234862318,1.1490677196,1.2755194261,1.7060926481,0.9238679994
2013,1272,1.2164409583,1.0308060091,1.4003896251,1.0088670776,1.1965944107,1.1892835749,1.4819291736,1.2135942208,1.5861159303,0.9977883803,1.322237377,2.4828880263,0.9991271082
2013,1276,1.2058398129,1.024221604,1.3016514042,1.0757493777,1.9109901114,1.6007892247,1.1626988567,1.1571716664,1.2203706557,0.8229230264,1.5374308259,1.1560924883,0.8680473179
2013,1277,1.2033131646,1.0038941709,1.3330599568,0.9352250478,1.3704285214,1.2732118716,1.3070002521,1.2918202914,1.3673750194,1.1680245613,1.4219291745,1.9025551285,0.987568661
2013,1332,1.1685085954,1.0381431993,1.1709370651,1.0789294886,1.5224355064,1.3609800913,1.5483447923,1.2188351268,1.4047113579,0.9776167077,1.6622668868,1.9928134985,0.954422094
2013,1387,1.1521480899,1.0278531938,2.0015085152,1.5090208779,1.9140872864,1.5789680379,1.1284762852,1.072925133,1.2781437172,0.7895309101,1.9882875587,1.5602279146,0.8594136626
2013,1393,1.2812947893,1.1037918577,1.0718005763,0.8732705023,1.3564034047,1.3733164893,1.3578877557,1.1228020742,1.1127060784,0.8794451,1.4994706515,2.5876551289,0.9326154827
2013,1433,1.2868789373,1.2449255558,2.1314060359,1.4972120797,1.1007474672,1.0500754105,1.5407902148,0.9218120597,1.4080305728,0.6556161695,2.4588978215,1.6240049013,1.1671773533
2013,1455,1.246908362,1.0946815092,1.3632919917,1.1536310596,1.875384487,1.3418942277,1.7903450698,1.2294982369,1.4232435794,1.0420388947,1.9784263096,2.4048636936,1.0382233141
2013,1166,1.1628409494,0.9192686823,1.809791418,1.1291199832,1.7314323422,1.4642826193,1.0259428702,1.4024672268,1.5348672956,1.3078047508,0.8511681799,1.4706288187,0.9447352054
2013,1181,1.1776172716,1.0122606185,2.5772229465,1.375021388,1.917867387,1.4439632398,0.9449432617,1.1007442934,1.9381227377,0.789337482,1.8315057825,2.3647991764,0.9514586304
2013,1195,1.1535135431,1.0120412936,1.1634413035,0.9914341526,1.2063115752,1.1594468458,1.1744263764,1.0849462466,1.1414570735,0.996579318,1.601078908,1.7772541941,1.0168707446
2013,1196,1.4151223879,1.0791214924,2.2638313065,1.4382525451,1.4137369472,1.1942184519,1.2568141262,1.2849201705,1.7928346235,0.8711913957,1.6534772857,1.963181796,0.9507794575
2013,1228,1.0954660682,1.1119880318,1.3983078868,1.3580281081,1.1381917114,1.0771240801,1.3263726109,0.9453567053,0.9287634757,0.8301447819,1.4942552496,2.2287466463,1.1562111867
2013,1231,1.2346069635,0.9553245863,1.8754257509,1.0617190241,1.8995494782,1.7916769191,1.116341391,1.4608689929,1.7035373718,0.9848918323,1.3928182965,1.5040095961,0.8790660142
2013,1235,1.1274996532,1.0190905845,1.9115944836,1.3956327452,1.2358160987,1.1323065663,1.6011018483,1.2084597101,1.3341458446,1.0916959688,1.2114180552,1.3665249682,1.0185439363
2013,1242,1.3193033863,0.9623509031,1.1571727296,0.8750115617,1.7007112033,1.4731285529,1.0437102258,1.379580144,1.6467540819,1.1805338283,1.4263036409,2.9121800769,0.9485020762
2013,1274,1.1607342319,0.9976647079,1.4862726023,1.0886436446,1.5719605591,1.3879868916,1.1800447008,1.1892280876,1.1957186054,0.9697229699,1.3186610026,1.8949755011,0.8654948856
2013,1278,1.1926414131,1.0314333704,1.102868618,0.9884683197,1.8875141526,1.6963329891,1.5140008816,1.3284386196,1.3499816715,1.2275046607,1.170573896,2.3864054136,0.9356418862
2013,1279,1.1721342855,1.0589511607,1.3968565752,1.0475092281,1.6621427059,1.6172339641,1.2096350535,1.0400804169,1.0691567896,0.7894538784,1.8113711161,2.6924791964,0.8849415306
2013,1314,1.1430309759,1.0813335659,1.6243118655,1.0697061855,1.2503304258,1.2398788521,1.3616113828,1.0207391921,1.5543449894,0.852022181,1.2882536471,1.1765318089,0.9816905
2013,1326,1.2687407132,1.0608139238,1.6682763461,1.0233505708,1.9332885548,1.9643255813,1.4030281012,1.1634612743,1.5600657411,0.8844873655,2.1710105153,2.1812925783,0.9651779819
2013,1361,1.1424796961,1.01457904,1.3506474056,1.1448079086,1.4881757459,1.4928257151,1.2957521226,1.1762682192,1.0281089381,1.0450623529,1.9994565127,2.6506953335,0.9233716624
2013,1396,1.0546551273,1.0578540349,1.7385085657,1.4289140564,1.3942588126,1.3557412265,1.207723672,0.9524279964,1.3987324294,0.8556415074,1.9481700227,2.0394816678,0.9893944798
2013,1251,0.9390429769,0.9355292518,2.0885396195,1.1697615596,1.0937150531,1.0337097471,0.9262100447,1.0645211287,1.063434961,1.4208970825,0.967385542,1.3690342347,1.0800582673
2013,1292,1.3106310523,1.0822387356,1.3810313321,0.9387636508,1.2543861962,1.1245833756,1.3261353956,1.2505734134,1.9073073089,0.9009646507,1.2496710717,1.7908372561,1.0538525089
2013,1254,0.9888222567,0.9354134206,1.409861941,1.2266126923,1.5190124951,1.4903208439,1.1182456454,1.1697631512,1.1255783173,1.1515219351,1.1834842968,1.6110974631,0.8513071348
2013,1129,1.1575035643,1.1095592413,1.5793977037,1.1449692418,1.0120452991,0.9588735288,1.6046244701,1.0700860868,1.1359481117,0.9925609333,1.578441859,0.9154017682,1.1369421332
2013,1125,1.3018793746,1.0547017917,1.7508692085,1.187099082,1.1460605853,1.1134777871,0.9092873423,1.1247272932,1.584074703,0.8673527699,1.7855525221,1.1477760184,1.1015014519
2013,1137,1.184475518,0.9715825143,1.2315593325,0.7982517167,1.821692282,1.565162108,1.1672826827,1.317830247,1.4613077755,1.1546927077,1.1441399067,2.1949279725,0.8483579338
2013,1424,1.1235568685,0.9862174464,1.5037886582,1.1333371571,1.5185533696,1.5189262186,1.2947804669,1.2649393368,1.5447553909,1.1825267595,1.372586176,3.2161100308,0.9924198353
2013,1281,1.2105686604,1.0030974845,1.0449226183,0.9515156811,1.8072631059,1.4110729577,1.4225593571,1.4252427743,1.5293600309,1.1980129068,1.2680952351,1.4486023004,0.9544480404
2013,1380,1.1747511508,0.9835530491,1.5945904905,1.2478530077,1.4308847002,1.2847592751,0.9789517248,1.1254519082,1.462826044,0.9658495039,1.8298891859,2.0094795086,1.0400821327
2013,1307,1.0230962865,0.9339192784,0.9600050211,0.8680859754,2.0843627276,1.9171699656,1.2738228919,1.1468388146,1.2106502196,0.9705177724,1.4257105651,1.9165553463,0.7919237648
2013,1172,1.2164893106,1.0240338774,2.2355946899,1.6046439358,1.5141004211,1.2438396735,1.1844198367,1.1516893987,1.9927915401,0.9449424897,1.3926727815,1.4712214751,0.9602093237
2013,1355,1.0336050953,0.9942857075,1.2594072628,1.0561126667,1.9492883518,1.6834024202,1.3207778416,1.1605349921,1.1775640432,1.0535247313,1.104901035,0.9671666908,0.8503110556
2013,1434,1.155790716,0.9619480659,2.1990050996,1.573264,1.2523472611,1.1937459042,1.1728664381,1.294401777,1.5101486819,1.2412867292,1.2255609149,1.7924137598,0.9517972386
2013,1329,1.1928543434,1.0256602333,1.1693783567,0.983521851,1.8660235987,1.3612761133,1.1555287095,1.1536402543,1.5423424937,0.8761868638,1.455158544,2.7789837948,0.9448783389
2013,1308,1.0782002738,0.9352105074,0.873094143,0.8147185005,1.8627519544,1.7598247652,1.3065497579,1.3168404431,1.2723312937,1.2235579998,1.2090409747,2.7972979843,0.7653150944
2013,1285,1.0452191624,0.9388753864,1.6218707644,1.1640331164,1.4287598857,1.3859386698,0.8257607568,1.0858603871,1.301997459,1.108310233,1.3662304709,1.7608136854,1.0566741134
2013,1103,1.2249531364,1.0437837792,1.8307341349,1.5423575676,1.136371207,1.2343202181,1.3228980979,1.2054163276,1.5131668809,1.025896738,1.2863385008,2.8743754683,0.9694497757
2013,1338,1.3978387394,1.1227908423,1.3047709848,0.8829401673,2.2681773725,2.2482544243,1.7634880156,1.4001270783,1.8707485555,0.8517417796,1.6133818012,1.8023029326,0.9910578064
2013,1153,1.1545795608,1.0602088481,1.9252448547,1.4089861563,1.4711845414,1.3933270346,1.5327180697,1.1686380041,1.2155974001,1.102314586,1.4520735298,2.8516498358,1.0364411813
2013,1107,1.0027902971,0.9503520104,1.3924619414,1.0166573888,2.0385417797,1.7189721063,1.2853091037,1.1517607531,1.243118468,1.1549746163,1.0713941391,0.9225855247,0.873861081
2013,1207,1.2120111233,0.9980185054,1.4907957478,1.0324891754,1.5821193835,1.4697012561,0.9348109012,1.1907549253,1.5052403219,1.0486891443,1.4800945284,1.777443226,0.9736279708
2013,1322,1.0731441908,1.036646447,1.4944338428,2.0203185274,1.2987699027,1.1483054205,1.0350825078,0.9987073671,1.2984446651,0.9028050185,1.8030753728,2.3226363117,1.0014845412
2013,1160,1.0354114619,0.9417613918,1.0913692552,0.8847772782,2.667023758,2.5375732871,1.1798162345,1.2047452407,1.0402077571,1.1000873378,1.4543465776,1.1597661381,0.9364016973
2013,1323,1.091479135,0.9742551373,1.6803682882,1.1612665072,1.7019333764,1.5828834762,1.2821308621,1.2424808498,1.273739801,1.1618537494,1.2296449666,2.1825549082,0.8526535463
2013,1443,1.0161367253,0.9986567423,1.3601897804,1.2057821753,1.1746683374,1.1212566143,1.2239427083,1.1152566898,1.252329218,1.1546681808,1.4201047301,1.5161634116,1.0290294206
2013,1243,1.1584323249,1.1247296355,1.8034209907,1.4480652603,1.1675198026,1.1143922162,1.3581319838,1.0448975979,1.6147906783,0.8802789376,1.8077248179,1.4101107078,1.1654086743
2013,1334,1.0762336743,1.0338828983,1.3138744706,0.9819113098,1.1060639154,1.1182270596,1.0914147248,1.0318969239,1.2425775119,0.9462796172,1.1979962032,0.7046770833,1.0398886787
2013,1417,1.0646142987,0.9839211217,1.0257926283,0.8117561102,1.8084213927,1.5257610762,0.9353636419,1.0718007508,1.2712225909,0.8281101756,1.5801001745,1.9381462669,0.9918666043
2013,1458,1.1645207968,1.0527082476,2.2036237564,1.8558071845,1.9640797593,2.2966649865,1.7303144071,1.1269998284,1.8483139099,0.9554994409,1.3009968235,2.5591825035,0.8418366208
2013,1437,1.0123269643,0.9666456439,1.2687757374,1.0497600764,1.6339712102,1.4206558119,1.2353071611,1.1226551415,1.0346183688,1.1233989081,1.2123265535,1.3834918893,0.9057046616
2013,1233,1.0493553403,1.0258872479,1.1691676178,1.1252090185,1.3744116944,1.1417156307,1.1154402048,1.0675193784,1.0616776434,0.968214689,1.4529003451,1.1815259711,1.051734083
2013,1328,1.0866097668,1.0252443044,0.9273286087,0.8625325734,1.5478285509,1.3459430571,1.2225346303,1.084736008,1.2677855489,0.9527670512,1.1765880603,1.6533780136,0.966571828
2013,1301,1.1112510066,0.9341883764,1.0778286364,0.6963894011,1.6466480953,1.7202353186,1.0460150509,1.2307348603,1.3704462532,1.1394032871,1.2697285744,1.6987820286,0.8817514874
2014,1107,1.0149768311,0.9499057469,0.9784715319,0.7255536971,1.6793071395,1.5725748395,1.2370018088,1.2087282606,1.0109515537,1.118070885,1.2599132124,1.6134124862,0.930563944
2014,1301,1.1544841887,1.0615826664,0.9326907636,0.9493786474,0.9850929778,0.9881679099,1.2264603975,1.022883732,1.2683575732,0.971282532,1.0399142187,2.0625253338,0.9772091757
2014,1142,1.0347501207,1.0869117852,1.7917101861,1.3514897933,1.3911060403,1.0281147745,1.3208249934,0.8862328174,1.0345973587,0.8530175657,1.4812802244,1.2146785964,1.2533274998
2014,1397,1.1597011805,1.0403082129,1.4996459151,1.3310534398,1.5978866259,1.3728549322,1.733795569,1.2416512463,1.3606987049,1.0686417413,1.2087644454,1.8660093889,0.8934304506
2014,1163,1.1569775712,0.9679626741,1.5080161132,1.1292857846,1.4233755879,1.2222597376,0.8665689402,1.1923166527,1.2333022039,0.9567729348,1.7227755612,2.835659549,1.0192544511
2014,1173,1.1506614627,1.0633609658,1.4126627772,1.1585252799,1.0999394855,1.1272482333,1.5008938263,1.116950556,1.249209676,1.0485715283,1.6659747843,0.8389414399,1.0663754579
2014,1196,1.2291678266,1.0405995762,2.0068093545,1.2647251944,1.8975854159,1.6328389067,1.4390191757,1.1683118825,1.5027020923,0.8709817801,1.476454977,1.4601800161,0.8712435016
2014,1217,1.1942274474,1.0214661978,1.7535213702,1.0467319825,1.6105345686,1.4278124661,1.1539313836,1.1963978817,1.5187284845,0.8546289212,1.574455787,2.2176568074,0.8734632847
2014,1257,1.4317993558,1.1535612541,2.3010165282,1.5280929145,1.410067441,1.3793134565,1.402001478,1.0799803196,1.6759561012,0.6304275021,3.0738148616,2.2678849502,0.9982557829
2014,1276,1.0831734777,0.9911301534,1.9604457888,1.3069879781,1.5473229615,1.4721103853,1.0890699371,1.0987868023,1.3306388592,1.027565201,1.2762215586,1.2496252132,0.8704044075
2014,1277,1.2791299869,1.0669678058,1.4684792156,1.1675515063,1.0598136625,1.063111076,1.2724617425,1.2302496381,1.6119357617,1.0826019769,1.9269880945,2.5357113383,1.1099650488
2014,1295,1.2112581791,1.033147291,1.1043056271,0.8999803015,1.1792892286,1.1088715364,1.1911107556,1.2190304292,1.1101220436,0.9216641352,1.7515177666,2.93987051,1.0408409135
2014,1332,1.1566948157,1.0670693251,1.7577140737,1.2885678508,1.0893582333,0.9993984395,1.0806524067,1.1284333519,1.3103409496,0.9192971751,2.4204214511,1.2973057998,1.1016372641
2014,1338,1.1756347349,1.0458824402,0.9717969925,0.8848148461,1.8677338417,1.5746323438,1.5996424583,1.2631174828,1.4302489368,0.9185778979,1.8736062814,1.0404679898,0.9304393513
2014,1361,1.201265296,1.0761496122,1.4658689867,0.9188050592,1.9115612339,1.7233855379,1.4950859601,1.0963886635,1.1892275972,0.7744018363,2.6974177613,1.633196812,0.8721265791
2014,1387,1.1150659179,0.9996361596,1.9981682447,1.3542746379,1.413254127,1.3438479511,1.1111683902,1.09867829,1.5150211064,0.944031118,1.2812824072,1.6030427227,0.9463900416
2014,1393,1.2177166108,1.136708882,0.8399147903,0.8016617388,1.5378876406,1.4744094507,1.4612707492,1.0630190435,1.0010417728,0.7176178677,2.2976199089,2.5494403995,0.9216921927
2014,1400,1.1402565716,1.0321730532,0.8028248512,0.8539972935,1.3273628983,1.3410791854,1.4667055476,1.2172329861,1.4457078377,1.1923592682,1.0756118275,2.5251208973,0.9426716831
2014,1437,1.183634624,1.0243203545,2.0506705215,1.5308523525,1.4382316579,1.3397303739,1.2197442533,1.1586251159,1.4187189517,0.9236197168,1.5690241116,2.1896328559,0.9820541996
2014,1458,1.0180741851,0.944622406,2.2707161448,1.5614197461,2.1162952576,1.9568694442,1.2504494425,1.1104839653,1.3917417885,0.8754162751,1.6705315659,1.6414152026,0.7640531957
2014,1112,1.3591612865,1.0570205914,1.6901115144,1.1582266721,1.5266434945,1.4602595653,1.5856249218,1.3071738414,1.888901616,0.9248733818,1.572290239,2.2075036961,0.9104280514
2014,1124,1.0410125764,0.9918430458,1.5057785617,1.1975489821,2.3037782939,1.8309090269,1.3630138591,1.2646204535,0.9962542199,1.2245098132,1.4184725032,2.8003908622,0.9821147717
2014,1166,1.1718827679,0.9831416146,2.0515810723,1.3650216778,1.3117295798,1.1614537034,1.1902229354,1.2318834142,1.5950481959,1.0943730149,1.3184074414,1.0012727273,1.0154276914
2014,1211,1.2689445063,0.9832877169,1.752403356,1.0820698099,1.145544363,1.1235271387,0.9999258178,1.2304283756,1.7358357906,1.05264667,1.4812593066,2.0782602034,0.9453481908
2014,1235,1.1571868045,0.9860348095,1.3401115931,1.1556048171,1.7277387117,1.3354072495,1.0490046652,1.1274740336,1.5129867967,0.9814936698,1.2978997252,1.3553334243,0.9191214478
2014,1242,1.1997141039,0.9939428883,1.2590584913,1.0446046141,1.2590465183,1.14038134,1.3303507661,1.3697315032,1.3917114685,1.2721987862,1.1550803449,2.6769819306,1.017896334
2014,1246,1.1102265145,0.9827146932,1.3040991546,1.0690471007,1.6003757581,1.5972109423,1.5233934594,1.4211993344,1.3009609253,1.2711817666,1.299610328,3.3748810392,0.8724369103
2014,1272,1.0998420083,1.003858885,1.3872074917,1.0207338306,1.6387186349,1.4762009774,1.1720451815,1.1337122737,1.3619460042,1.0893531734,1.2487648402,1.9300479074,0.9595284136
2014,1273,1.2267850218,1.0429158809,1.9909953486,1.1381958993,1.1110268356,1.01896494,1.1496819972,1.2228066938,1.6205642579,1.0279224251,1.6607072462,1.9358772318,1.0085262791
2014,1314,1.2066269088,1.0584780319,0.7661499083,0.7117252274,1.2151514118,1.2270738016,1.3682571748,1.1521841251,1.5765074042,0.9235999026,1.4277859307,1.9684668323,1.0051931193
2014,1372,1.2824164193,1.253476659,2.1377927597,1.9093372601,1.1318292654,0.9902850997,1.9486319551,1.0653144545,1.9397830246,0.7227505707,1.7372070104,1.1985166586,1.0534634447
2014,1390,1.0987848191,0.9867309831,0.9582250471,0.9130652356,1.4585647673,1.4531641726,1.1199348425,1.128835841,0.9489232145,1.0995816804,1.2176510798,2.6197524754,0.8928467113
2014,1417,1.2073255151,1.0503949737,0.8237206278,0.708028232,1.957289042,1.5736299752,1.1968105827,1.161490942,1.3595430881,0.7538203123,2.3213141385,1.483525927,0.9873972799
2014,1438,1.2324337563,1.021852366,1.433449567,0.9433576958,1.6962427474,1.5050357383,1.6505430209,1.2611156748,1.6202473354,0.9971513965,1.3805924244,1.6374279196,0.9066556438
2014,1455,1.2128094427,1.0329568047,1.5496510152,1.1623423523,1.6506579401,1.4431966491,1.4933510103,1.2673927682,1.5282434026,0.9385200335,1.8903442294,2.5103338806,0.8233262009
2014,1291,0.9059339669,0.9946507229,2.4054839079,1.9088694313,1.3489175168,1.2958840405,1.044985326,0.9172026057,1.0082984591,0.971681641,1.4735895607,1.5077056455,1.0541515932
2014,1462,1.136916434,1.0077794808,0.8735058288,0.7841691908,1.2963594448,1.2025571664,1.3353303617,1.2254920056,1.1498746323,1.2610753286,1.3625082086,0.9065202904,1.0041884278
2014,1411,0.9447705073,0.896633568,1.5110133694,1.0617422154,1.7438426859,1.6593131469,1.0687506368,1.177856556,1.0997919854,1.2916606472,0.7925112051,1.4338787601,0.7931920768
2014,1234,1.1973411248,1.0374810455,1.0173322102,0.796550422,1.6400969385,1.515542957,1.4878445964,1.2670802326,1.4819340033,0.8809696314,1.7769251637,2.4241085499,0.8446358828
2014,1386,1.0477437013,0.9242046586,1.3376845064,1.0403691595,1.3858657629,1.4510302124,1.2042976205,1.1927438515,1.1075101562,1.3309180719,0.8638192904,2.5045540405,0.8629107138
2014,1326,1.1702748613,1.0078532715,1.5324220615,1.0923199967,1.7252635683,1.725132959,1.1548378567,1.0518723456,1.4927899253,0.8277711728,3.0103625966,2.2384990554,0.8774869624
2014,1153,1.2014531952,1.0948481381,1.4471643132,1.1483727474,1.3919097155,1.3307910986,1.5712203521,1.1255381511,1.251113926,0.8525485146,2.0634232018,1.9156137686,0.9780252978
2014,1264,1.1370764434,1.0199425047,1.7814155396,1.2761867515,1.1667260056,1.2019348514,1.0927341718,1.0679081328,1.2251678808,0.9563674482,1.4999894902,2.0801330095,1.0389371918
2014,1459,1.0956300769,1.0952586432,1.5522565938,1.282782901,0.9884435262,1.0377811561,1.4557137586,0.9695179101,1.4882965452,0.8878058336,1.5556223018,0.8301516338,1.0616332501
2014,1174,1.0190260333,1.0030160366,1.4982867955,1.190033171,1.4048282131,1.2665456473,1.0462225281,0.9776796883,1.0186844838,0.9188182896,1.7961754646,1.2866196738,0.9406398497
2014,1328,1.0729300545,1.0259597367,1.4355656527,1.1815046206,1.2841889994,1.1480240763,1.1087199709,1.067459913,1.3372566203,0.9193897754,1.36117001,1.4967431583,0.9340982793
2014,1140,1.1027184846,1.0029778497,0.8165868972,0.6599823884,1.5212562212,1.4887056354,1.5424879775,1.15825345,1.1762032035,0.984018048,1.4042345672,0.8866575299,0.8680539669
2014,1160,0.9939664636,0.9632583431,0.8851502944,0.8881131487,1.9417012343,1.9186768919,1.5364321047,1.2453417142,0.9844343575,1.1652668295,1.1412169136,1.5950279413,0.8351152098
2014,1308,1.0946914746,0.9016286559,1.5447351422,1.1673925798,1.7103179911,1.745457657,1.0994095392,1.374484273,1.5606888109,1.2438355951,1.2931378515,3.7018443281,0.7864940557
2014,1444,1.0183248703,0.9009953738,1.1732905939,0.8777382278,1.6824886696,1.5584417312,0.9638161974,1.2598300139,0.9520479135,1.2437255504,1.0253186081,1.7013851217,0.9099063931
2014,1113,1.0628975902,0.9499500965,2.2355207527,1.4040540381,1.3073837951,1.1255968472,0.882601625,1.0756431813,1.4756859511,1.0410954628,1.3247445065,2.2664513268,0.9962983645
2014,1454,0.9389551493,0.9550477428,1.6588707652,1.2323749134,1.2319387485,1.2137583716,1.5046096244,1.0105060285,1.2284981495,1.1627472106,1.0087966837,1.0902984151,0.8828100423
2014,1110,1.192890319,0.9591737461,1.7314903742,1.2382848233,1.1520349032,0.9655078758,0.9172000317,1.2630011784,1.6455297727,1.2486627336,1.0901468474,1.8231161016,1.0155374198
2014,1451,0.9588834048,0.8663577675,2.3753106947,1.5303420711,1.4906601534,1.3893029566,0.977550891,1.2402719037,1.257328616,1.584888988,0.7562077221,2.2491631869,0.9395453061
2014,1304,1.0510388659,1.013735108,1.2657435339,1.0366884708,1.2251788527,1.0852160813,1.0244937077,0.9996740516,0.9511969655,0.9905351322,1.8211007446,1.3369899542,1.1227106324
2014,1418,1.0729681079,1.0465991107,1.4690795014,1.21260053,1.1195817115,1.1680110981,1.4753957783,1.0525236685,1.1722089919,1.075174912,1.1988282346,1.2707236935,1.0077411626
2014,1329,1.1782199051,0.9988945409,1.667940804,1.1693118255,1.4733371448,1.3862662088,0.8983927946,1.0570943036,1.4157307733,0.8287379447,1.4214760948,1.9747767719,0.9625136735
2014,1300,1.3392962998,1.0627004644,1.1213477039,0.9393751564,1.4116282988,1.2998548759,1.1462915299,1.1516524776,1.9712734263,0.7799339093,2.002237603,1.1828936121,1.0231899367
2014,1184,1.1161622738,1.1189725266,1.8030851644,1.4535432504,0.9900517293,0.9114986016,0.9822586024,0.841557904,1.1023505755,0.6853809955,1.6595232372,0.8606055674,1.1474998372
2014,1243,1.1768342204,1.0538252865,1.6256268959,1.1339401748,1.0188460071,0.9845447693,1.3913725589,1.073432694,1.6651904441,1.0790151083,1.3419895258,1.0763484645,1.1877899697
2014,1203,1.0942832799,0.9641861749,1.0860667755,0.8103645212,1.5191869319,1.4696361764,1.1555855932,1.2029118646,1.2773452508,0.9989134521,1.4462189694,1.5707782354,0.8469691323
2014,1181,1.127981886,1.0924774574,2.6196234301,2.0819263213,1.8787882546,1.2763867075,1.3513819934,1.0566295064,1.5558687821,0.81555518,1.7556200997,1.411365245,1.0687305486
2014,1344,0.9793872041,1.0024110012,1.6984809268,1.2965971173,1.4802739952,1.2549905288,1.5194002738,1.1190496364,1.2749740642,1.1666120113,1.0918659398,2.3432268655,0.8939558395
2014,1433,1.1698224503,1.1855718791,1.9551018103,1.4450723344,1.2651447419,1.1773386842,1.4562615418,0.9381476926,1.2646091491,0.6998996367,2.3400151655,1.5206757744,1.0592868839
2014,1307,1.1250566359,0.9310188119,0.9447787221,0.9294945109,1.6679755635,1.5733637584,1.2846635323,1.3179175231,1.5649384159,1.154846461,1.2629748603,2.5702870711,0.8422621735
2014,1269,1.0900385979,0.9913049053,1.3513184027,1.0529809972,1.27466787,1.1925719515,1.113382254,1.1621613855,1.121453241,1.0518321303,1.2485553305,1.5779837056,1.0276999516
2014,1409,1.1769169506,1.0499500026,1.0261193236,1.035678217,1.1278006051,1.1175377354,1.2439603942,1.0797252086,1.3040357261,0.8421206231,1.6810171241,1.6397952874,1.022780437
2014,1157,1.0897710549,1.022244431,0.9220638428,0.7968514594,1.1211693074,1.090002138,1.2957812112,1.1522268997,0.9310826712,1.1657123277,1.2702022465,0.8533801306,1.0680930395
2015,1214,1.0398139019,1.0389290329,1.223921134,1.2515797758,0.9933054283,1.0098517891,1.1856487961,1.0148402453,1.3000545636,1.0951464787,1.7037421653,1.7721284424,1.0993027746
2015,1279,1.143652132,1.0519871016,1.0847250186,0.9142680126,1.4376232744,1.1280646005,1.1266571885,1.1368117274,1.0388266806,0.9355478209,1.6832033431,1.5907175128,1.0820747663
2015,1173,1.054065781,0.9440410271,1.7053157018,1.1520091742,1.9026790882,1.6411815818,0.9139354116,1.0633244431,1.2128987509,0.929531358,1.801800529,0.90124773,0.819693464
2015,1352,1.0641435968,0.9905089728,1.0798599773,0.8959894572,1.2086499433,1.0287217588,0.9133609713,1.0573709112,0.9647409776,0.9794542484,1.9025250129,1.2983405483,1.0514718482
2015,1112,1.3451882284,1.0671735709,1.1071140816,0.9384957601,2.1974898315,1.6422140386,1.9894786307,1.3140774847,1.5413684404,0.7974685442,2.1622811157,1.8866686059,0.8664189798
2015,1116,1.1772765616,1.095401993,1.4108221849,1.1569741088,1.274387483,1.201078228,1.369038675,0.9740096018,1.3571389982,0.7853289837,1.6762857692,2.3502011799,1.0311194436
2015,1139,1.1374917085,1.0612905023,1.2784663051,0.9661620266,1.4723624951,1.4542011223,1.8781172551,1.1787729691,1.1532354252,0.9840566587,1.5732442481,1.2746667949,0.9353256674
2015,1153,1.1286859794,0.9548106099,1.086858246,0.9784230817,1.8485035209,1.823393809,1.1645758215,1.3256378373,1.2042358815,1.2242618342,1.6610680675,3.0169331219,0.8722465373
2015,1207,1.1950959315,1.032059302,1.2924861287,1.0099600758,1.2317146693,1.1859403913,1.1589600954,1.1467980702,1.3206930899,1.0004062311,1.5406118117,1.8367126579,1.0272034668
2015,1209,1.3410295242,1.02332517,0.8183911217,0.6959901249,1.1655204732,1.0770875837,0.8576610402,1.1200754815,1.1800412711,0.7863947343,2.5280057875,2.3794699871,1.1089035601
2015,1246,1.439538181,1.0391420563,1.5921385055,0.9630792336,2.6149108725,2.1363156962,1.2215598543,1.4280787203,2.5795203017,0.8121863385,2.0703887919,3.6358951254,0.8832338006
2015,1301,1.1288643118,1.0110738402,1.2957830953,1.1152609296,1.2560063685,1.2219732252,1.3098283191,1.1320473966,1.0873819623,1.1336144086,0.8736479561,2.1574473073,0.965376441
2015,1314,1.2818521962,1.0560013623,1.1056410612,0.6698370815,1.1114679986,1.0632615792,1.4189514408,1.3313332731,1.6494606406,1.0562525588,1.1540331684,1.7603447704,1.1094212123
2015,1323,1.1678214855,0.9412066211,1.4598407669,1.2120126657,2.2465107201,1.9620687919,0.9117373814,1.2173317825,1.4202388108,0.8782966853,1.9199429569,2.2200270404,0.8517067482
2015,1326,1.2750155015,1.0361728014,1.166948387,0.9341529197,1.7716342643,1.7523018781,1.0731259773,1.190597884,1.2760721903,0.8215657068,2.2192762043,2.7285554081,0.9153575891
2015,1412,1.0122745312,0.9804290591,1.1472619787,1.0054696899,1.4731035803,1.234847623,1.0555415828,1.1374696012,1.3216100911,1.1181713524,1.1615763877,2.2600942478,1.0366747624
2015,1417,1.1175426818,1.0477288012,0.9005477925,0.8526788817,1.271458104,1.2488585392,1.401447478,1.1395888307,1.0750020068,1.0803528308,1.3612428911,1.7768875347,1.0395199066
2015,1428,1.2647175232,0.975521238,2.8393577289,1.4504860571,1.6293288079,1.4815501185,1.0207595113,1.3258981041,1.80124328,1.1365929467,1.5042369323,2.5438873985,0.9083068168
2015,1437,1.1785297637,0.9977657418,2.3178379748,1.3721668162,1.8574353396,1.5935386241,1.1532676076,1.1807382487,1.5315799213,0.8297346751,2.1224453849,2.0394307126,0.8709881186
2015,1462,1.0987266255,1.0080340309,1.3480563432,0.9289223685,1.5660925741,1.277697183,1.2786125145,1.1928746769,1.3332122228,1.0385368822,1.132985757,1.2272508201,0.918523693
2015,1181,1.1812590063,0.9815852342,2.3630145103,1.3173015376,1.9395757374,1.6997608738,1.3213941782,1.295160666,1.4881301999,0.9381684774,1.5728604391,1.8679330026,0.8554982691
2015,1211,1.3330645085,0.9727386057,1.6403185944,1.0423037634,1.4606515933,1.3073904858,1.0819666014,1.4248542834,1.8575970656,0.962060913,1.4774152848,1.9461160617,0.8887640747
2015,1234,1.1368940629,1.0053036489,1.0912389938,0.9240038561,1.5691875626,1.4326855909,1.699476436,1.1849521398,1.3542417431,1.2374803058,1.2109552456,2.4236887894,0.9084703576
2015,1242,1.0687112588,0.9496767402,1.1552181735,0.861068031,1.4171204592,1.2945914085,1.2012221392,1.2268136485,1.3422972138,1.137363901,1.470388147,1.2046585804,0.9507050013
2015,1257,1.2167115173,1.0574628396,1.8837699959,1.3459062461,1.4619112017,1.365202136,1.296954184,1.0988624158,1.1740663832,0.9925515426,1.8134526997,3.2917140322,0.9615937942
2015,1268,0.9938643441,0.8965053193,1.2945239321,0.9856599089,2.1202087933,1.6690405268,0.9335148259,1.2017605939,1.1848981002,1.143110559,0.9997455321,1.9495425313,0.8396216706
2015,1277,1.2718233171,1.0574042445,1.7956813547,1.0866548339,0.9013003809,0.9938208488,1.436314046,1.2693940279,1.7902689204,1.1886980387,1.1781997017,2.2934350639,1.0677243136
2015,1320,1.1878162028,0.9424666546,1.5105339815,1.074745511,1.9339318352,1.6788547537,1.0775961672,1.2338912549,1.416583785,1.0112374422,1.7517498641,1.3157728495,0.7941498097
2015,1328,1.2132689622,1.0048617916,1.2979225425,1.050533602,1.5285213951,1.2610524761,0.955931695,1.133633989,1.402735776,0.9495056786,1.6074528908,2.1764312432,0.9517853766
2015,1332,1.1133900555,1.0064440839,1.5058671754,1.164733107,1.0413289431,0.9117194633,0.9546843958,1.1227839597,1.2872388037,1.0579590144,1.4196607059,1.9764416516,1.081083131
2015,1361,1.1756849208,1.0494182355,1.5127427842,1.1294726481,1.9053532278,2.0227589878,1.5038544591,1.078589214,1.2725497822,0.989380225,1.9036783569,1.9609574057,0.9058824584
2015,1438,1.4246413969,1.0376834175,1.1727154975,0.8283532451,1.690096333,1.4446932518,1.7000011121,1.3710929978,2.2467927499,0.9442690292,1.3407046203,2.3556640511,0.9324804222
2015,1452,1.2170322563,1.3402922149,1.6467331016,1.5797011475,1.0589278107,1.0986922578,2.2807619141,0.8483226064,1.3295516477,0.728135648,2.6546633428,1.1184914306,1.0578252282
2015,1455,1.2988274973,1.1432650782,2.1740267931,1.5069576597,1.1903470471,1.1962355586,1.5896407642,1.098338688,1.7691413709,0.7464070194,2.3598163943,1.7808382152,0.9885170393
2015,1458,1.2042236203,1.0214911946,1.5984349356,1.548750273,3.1665935926,2.4571784495,1.4639995235,1.2262842191,1.5726885053,0.8194984169,1.3705117821,2.287475711,0.6979658985
2015,1264,1.0925811784,1.0575687214,1.6700663979,1.5522884935,1.0557660143,0.9927022443,1.0900273033,0.9600926746,1.2147152455,0.9419573617,1.3621238839,1.009905455,1.0661316926
2015,1140,1.0959142787,1.035005026,1.6378112742,1.1934373258,1.438404912,1.2282461273,1.2617846146,1.1724865588,1.233157159,0.972162183,1.2493437858,1.1034287611,1.0197622298
2015,1129,1.1873874827,1.0366419745,2.0703031885,1.3635418991,1.2911305101,1.1704411849,1.1894631998,1.1169457258,1.3647724019,0.892733776,1.7118858028,1.0859330898,1.059841727
2015,1316,1.0029163865,0.9483782895,2.1791389131,1.5614648206,1.3828119579,1.206541254,0.8678805056,1.0920828879,1.4198263558,1.07232249,1.1432170008,2.0927535577,0.9364500597
2015,1411,0.9576251683,0.9411691194,1.3791212178,1.1585554772,1.5986690125,1.4795572564,1.1735132859,1.0913499567,1.0101118036,1.1245754247,1.1079929991,1.209774426,0.876330334
2015,1459,1.169502738,1.0412065763,1.6546722188,1.1423352746,1.3328485633,1.2381719735,1.445050662,1.0532769759,1.8522394045,0.8822436767,1.709148329,1.1846958317,0.9577133694
2015,1400,1.1863347053,0.9619072964,1.38420582,1.1785002424,1.5327587042,1.3908468882,1.1942300039,1.4266305296,1.4696669318,1.559157322,0.7109276895,3.7707694994,0.9166060305
2015,1345,1.1702944162,0.9928803402,1.249398359,1.0662079193,1.311756644,1.2788297294,1.23458329,1.2094831167,1.5611742826,1.2932634177,1.1394208547,2.4869008442,1.0158879657
2015,1186,1.06534305,1.0200177343,1.4242332452,1.3718681316,1.237538767,1.1645144385,1.0793432102,1.0360560566,0.8916584914,0.9373092615,1.3382125093,1.8162193554,0.9843297267
2015,1124,1.1409663008,1.045775875,1.5165020822,1.0076793714,1.8586191662,1.499021208,1.8280123258,1.2414484405,1.0253176334,1.0940862875,1.3920751814,1.3588832307,0.9525587563
2015,1261,1.1109512023,0.9691044633,1.327094799,1.0481385151,1.4817698563,1.3246115836,1.0004353104,1.1856253438,1.464022047,1.1126404232,1.0669925996,2.5461232916,0.9108360337
2015,1217,1.1204744592,1.0241034213,0.9749283617,0.8981989196,1.551736914,1.3337754832,1.3034879346,1.1448116839,1.4084741925,0.9773786407,1.6372789349,2.2322000088,0.9038597018
2015,1318,0.9754913313,0.8887321446,1.2424853514,1.0673373861,1.8859659851,1.5963779034,1.3873526686,1.335830607,1.2677443642,1.4797157845,0.9002525112,1.6386649393,0.7859266914
2015,1433,1.139994044,1.149404808,1.7787991332,1.4123469717,1.5064149242,1.2312793661,1.3926233214,0.8913106543,1.0870433293,0.7114174619,1.9262840119,2.031887234,1.0894126674
2015,1235,1.1315402614,0.9640150479,1.6006974751,1.0954069638,2.3497881608,1.806989541,1.0620500747,1.1382969052,1.2037749522,0.9480790025,1.3643093203,1.6703695267,0.8286310786
2015,1374,1.2423463081,0.9730741881,0.6181864087,0.5148341122,1.6461347847,1.646482729,1.1990601116,1.3591854452,1.3463150497,1.0544879272,1.5366530104,1.4716777798,0.8859476972
2015,1372,1.2591094316,1.1195575955,2.2649988104,1.6200751606,1.1491015221,1.0624305276,1.5945399331,1.183773699,1.9917323385,0.9078996484,1.3991783545,1.5011982532,1.0372901462
2015,1248,1.0267634234,0.9511358176,1.0272306164,0.9455730932,1.5980055889,1.1780825405,1.0778913062,1.1038971577,1.1969391191,1.1047441231,1.2101310659,1.2521850507,0.9850492772
2015,1344,1.1142311934,1.0479543989,0.9618906123,0.8907315809,1.4401803774,1.2863294548,1.3591529722,1.1285778269,1.2499863649,0.9839712875,1.5515399035,2.5493661242,0.9931309072
2015,1295,1.0397212034,0.9946249775,1.349997843,1.0996094506,1.5311896329,1.5601807081,1.632871954,1.0949405215,0.9546003139,1.0278255127,1.2225373216,2.0378600023,0.9185161252
2015,1172,1.1455349949,1.0530697377,3.0053264454,1.5552452283,1.4655622861,1.1821176145,1.0821542251,1.0779300229,1.4905085879,0.9285340574,1.2335949011,1.0329710133,1.0696499032
2015,1308,1.1193038895,0.9859807454,1.8908473102,1.1470922167,1.6770714036,1.7015308552,1.7357755834,1.2854240706,1.3669875277,1.1591136474,1.6818192036,2.6301104792,0.8564384548
2015,1414,1.1362012943,0.9975638204,1.6117985503,1.1333431182,0.9686909402,0.9311625933,1.0563133209,1.1349208022,1.3648545157,1.1125371477,1.1479711824,1.9768174018,1.0767061896
2015,1434,1.1997386274,1.0137336257,1.4043840771,0.9800504811,1.2357062812,1.2338883304,1.2556356352,1.2552300747,1.1396044307,1.1056311619,1.1290346099,2.0768149739,0.9694054948
2015,1208,1.0557446362,0.9218153333,1.1133938914,0.8759844238,1.3602391459,1.3832203406,1.1247235281,1.2524723097,1.3646448872,1.2771465056,1.1626633426,1.5972941451,0.9182913722
2015,1461,1.0629603238,0.9169014692,1.2340539944,1.1454131032,1.7437817975,1.5973577245,0.8251698901,1.1304390551,1.6186330766,1.1407768819,1.2615162403,1.8525700101,0.7764959082
2015,1107,1.0825026329,1.0149262144,0.9554741245,0.8690601854,1.7599305676,1.5674563634,1.7338765358,1.1837162616,0.9783460241,0.9856437839,1.5545621076,0.9016354167,0.89026627
2015,1329,1.0961473331,0.9938032122,1.4485637924,1.272279145,1.1641138394,1.069900259,0.8468816298,1.0137937561,1.1497723825,0.9404166169,1.6697120091,2.8964706888,1.0828557653
2015,1385,1.0818861298,0.9740472734,1.0468065627,0.8955105909,1.3533649156,1.1706978769,0.8480602841,0.9941474387,0.9742749822,0.937680478,1.7464040242,3.1296188176,0.9730974575
2015,1125,1.0103663408,0.9593702637,1.4197175927,1.2966457783,1.2527930197,1.231123395,1.3220744079,1.1147310718,1.2317963904,1.1575657191,1.1196046159,0.8688264693,0.8997461435
2015,1138,1.0786980994,1.0351558254,0.9526792729,0.8528767208,1.5537888171,1.4095813948,1.3783341259,1.0731109009,1.1833295032,0.8727001677,1.485672359,1.9368058288,0.9072196613
2015,1231,1.0528837344,1.0231059644,1.9473518208,1.4025747076,1.5273603914,1.2264947792,1.3725143468,1.1858357326,1.2292738814,1.1501811503,1.1957462796,1.0384293725,0.9880649376
2015,1157,1.131451724,1.0299328272,1.0609928569,0.9967994949,1.2980873499,1.2978717531,1.5984481853,1.1719814111,1.0345099202,1.1048361469,1.282560354,1.7676605705,0.9378976147
2016,1195,1.145382394,1.0070957078,0.9529420481,0.7156778622,1.0705049819,1.1253955017,1.2813473616,1.165344389,1.2066650879,1.161644076,1.194150102,1.8829197462,1.0926570043
2016,1455,1.3892597084,1.2082223916,1.6607390992,1.3044909186,1.1381657038,1.0853523932,2.2321072256,1.0688774509,1.949399481,0.6874047345,2.7325718685,1.8062576688,1.0553879694
2016,1221,0.9560556193,1.0266475798,1.0600772224,1.0883926677,1.4460390173,1.3557256314,1.5421872744,0.8628915647,1.035437,0.8598065923,1.455059248,1.2511187614,0.9411815846
2016,1276,1.1331388018,1.0237033327,1.573202326,1.3206673326,1.4113929211,1.3772669978,1.1110274635,1.0506508747,1.285422002,0.9379067868,1.7293409016,0.9484193461,1.0029722447
2016,1114,1.2789835053,1.0748777466,1.4362747667,1.0072923298,1.0683882164,0.940195526,0.9807536325,1.0626121716,1.4394035158,0.8221616795,2.2146070619,1.3133125257,1.1114015196
2016,1139,1.1879446493,1.0608007273,1.1333431251,0.905905482,1.3605522501,1.2542736881,1.3917978819,1.145588529,1.3317363437,0.8358320698,1.9157629497,1.5312968554,0.9941059578
2016,1163,1.2873011162,1.0279521893,1.1212759794,0.9923784343,1.2632540572,1.0458579854,0.9526283444,1.2359502233,1.3483448873,0.9901679287,1.2679388365,2.2167195742,1.1796001534
2016,1181,1.0081601216,0.9696287917,2.1171368962,1.3856416425,2.24617815,1.720018628,1.0911713403,1.0702653421,1.0060372788,0.9102589965,2.0853683186,1.9945747061,0.8215499255
2016,1211,1.1782629594,0.9601567753,1.9011623746,1.1418140997,1.350340123,1.2281470618,1.1450899562,1.3228978663,1.4936494702,1.1947935552,1.2609424939,1.5861268031,0.9190113447
2016,1231,1.1847117013,1.0159097921,1.6955112292,1.3505628015,1.6992481533,1.3718571211,1.4768343861,1.3422485398,1.5262568996,1.1429091882,1.5288694129,1.9155013557,0.9852009229
2016,1235,1.1231367166,0.9626661549,1.4305132876,1.015616924,1.5332518799,1.3056596679,0.8357489534,1.1256005058,1.2714188418,0.9966022928,1.357587105,2.0675858444,1.0057883842
2016,1242,1.27635489,1.0050472998,1.6505608111,1.1115803011,1.1447036802,1.1289704519,1.132639243,1.27532565,1.6598135353,0.9958662778,1.4973952784,2.1458247178,0.9663212536
2016,1246,1.3104334776,1.0517824402,1.539370823,1.1701083504,1.0597874085,1.0922876689,1.2877878758,1.2591388451,1.8424694872,0.9549632861,1.783232767,3.0158086765,1.0834620919
2016,1274,1.0895028504,0.9626680038,1.6018165605,1.1792869583,1.6980734253,1.4880032943,1.1394418768,1.15735264,1.1974099355,0.9954318119,1.5507200943,2.1049636877,0.9045957674
2016,1314,1.2655744872,1.0762309869,0.8101677918,0.8544768509,1.5761671557,1.4298689832,1.442476376,1.2937126631,1.6839027042,1.070593432,1.640827175,1.9457181314,1.007109309
2016,1344,0.9949288907,1.0180766564,1.3515058806,1.1790775456,1.6111953421,1.555620533,1.4132881666,0.9980117685,1.3243575128,0.8405415674,1.3304242428,1.6842803735,0.8479518441
2016,1428,1.0902471957,0.9050675682,1.16356972,1.1279388301,1.7489725648,1.7389300858,0.9866107715,1.2589609802,1.5553409551,1.4646973009,1.0418460984,1.8753970952,0.8176036119
2016,1438,1.2715523456,1.0789737587,1.1252048653,0.8678931668,1.2648020482,1.2088801744,1.3405903226,1.203935134,1.5945135064,0.8368669251,1.2402424031,1.874679418,1.0267574818
2016,1463,1.2150097704,1.0316288865,1.42154257,0.9881765411,1.4256845956,1.3975108173,1.8733603951,1.3664291277,1.4880752187,1.2737327547,1.0247367569,1.8828248033,0.8521833666
2016,1218,1.1864450472,1.0126159165,1.9790759698,1.3325684391,1.6056603742,1.5102914463,1.2534666859,1.2212856615,1.6279369483,0.9935337839,1.4129253456,2.1704456932,0.9272448438
2016,1234,1.100524636,1.0046890579,1.3512623856,0.9249250333,1.5683365281,1.4088695791,1.0713040841,1.0718968789,1.2312908876,0.8111125682,1.6942170189,2.1681561675,0.8679568529
2016,1268,1.116837063,0.9299765953,1.4979037499,1.0426259522,1.9745390935,1.6819308057,0.9921192768,1.2779854401,1.3765752705,1.2397252916,1.4468135859,3.035275647,0.9629591237
2016,1292,1.1345913252,1.0786796988,1.7717311485,1.2790319583,0.8939321275,0.9440246092,1.4023835164,1.0538126714,1.2629646574,0.9099238289,1.5303803791,1.6925350552,1.1363450186
2016,1320,1.0337146359,0.9453555574,1.3906564773,1.0758494826,1.6468423109,1.5061866727,0.8080546236,0.9939272187,1.0602176495,0.8573339669,1.8405943956,1.1851995973,0.8844566989
2016,1323,1.0892448734,0.9730590144,1.0534040496,1.0252851666,1.7553930775,1.4689721383,1.069337386,1.155661099,1.0705208603,1.1105698908,1.4613563197,1.9592391151,0.9468361694
2016,1328,1.1024094865,0.9599189253,1.4868037898,1.179697862,1.4122359631,1.3187875826,0.9779417333,1.1948266848,1.437522852,1.047079535,1.0947069055,2.2944302492,0.9141614177
2016,1332,1.1287342098,1.0403975896,1.2644843172,1.1293993914,1.5382761447,1.4755790673,1.2172312633,1.1288136558,1.0900135211,0.8365328793,2.0451693469,2.3985273335,0.9027331457
2016,1372,1.3017406862,1.1557289043,2.044702477,1.4269062558,1.3671013566,1.1196934391,1.3884139467,1.114449211,1.7143783197,0.7455576922,2.0802571187,1.5983415438,1.0759986776
2016,1386,1.0813076605,0.9757540634,1.0502262665,0.8832079982,2.0293438673,1.7655784442,1.2700351076,1.1197844533,1.2459452221,1.0019539546,1.3257969503,1.7687134915,0.8390747473
2016,1393,1.0501143299,0.992366313,1.5511312947,1.1224650299,1.8221761254,1.6402510687,1.0336677994,1.042992947,0.969316872,0.927524678,1.5625884714,2.5603927745,0.9516885442
2016,1401,1.2006197056,1.0496371526,1.1910345146,1.0072787002,1.5053979488,1.3386060379,1.2580259299,1.138978156,1.4318818366,0.8623380342,2.0162032536,1.72978507,0.9768693836
2016,1433,1.1987086244,1.1547213508,1.6792022042,1.4306344996,1.2278813229,1.1206877797,1.6392442248,1.0251728596,1.2131847923,0.8032788419,1.8303780068,1.2720259717,1.1410427656
2016,1437,1.2198407635,1.019862479,1.4105276307,1.2854690211,1.5982537714,1.2212080906,0.944064316,1.1805408162,1.3639314336,0.8870034813,1.5976896328,2.0915573592,0.9581258935
2016,1458,1.044495579,1.0404226767,1.2758338302,1.3472993401,1.3471404468,1.3808858142,1.4980221448,1.0934959268,1.227684288,0.9467058688,1.4810650636,1.3338047094,0.8913500567
2016,1462,1.141599336,1.0395165281,1.1533051388,0.9507744244,1.6294315831,1.4718597219,1.5209905298,1.2264996517,1.3286977476,0.9507406542,1.3373865715,1.1026711532,0.8975488056
2016,1192,1.0743450211,1.0678643053,1.1397470104,1.0311656985,0.8324231838,0.8014035107,0.8843100053,0.9166784282,1.0365475263,0.9156593413,1.5412787786,0.9122200067,1.1262206749
2016,1435,1.167356162,0.9334817455,2.0096470752,1.2064738013,1.4399062141,1.3025662095,0.8634734267,1.1976473206,2.0712303098,1.3251210858,1.0529264186,2.8410984406,1.0354380983
2016,1380,1.0884128881,1.0258532985,1.0598220754,0.9251385775,1.2011019628,1.0711618121,1.0492553415,1.0012579395,1.0607108226,0.8825193385,1.7838639239,1.3571942674,1.0346115008
2016,1409,1.1171661706,1.0300976529,1.1158925791,1.0848406169,1.1817069223,1.3078074842,1.037471652,0.9641915483,1.2461478989,0.7980703489,1.6134588576,1.4011936453,0.8868922211
2016,1345,1.2027338987,0.9868966061,1.8507886911,1.1327278886,1.5955477773,1.4354637661,1.6784999454,1.451265899,1.6234061873,1.4073923629,1.0879033344,2.9046687445,0.8995088574
2016,1403,1.0303848066,0.9637025232,0.8340156332,0.803800666,1.5381664674,1.3833981642,1.0847795825,1.133639433,1.3603924646,1.0131243951,1.0566350646,1.9697947107,0.9163875121
2016,1160,1.0327495471,1.0071671323,2.0509888853,1.3278324639,1.3698635411,1.198775389,1.5277798331,1.256450884,1.5617869853,1.3127043573,0.9190671671,1.9856650647,0.9672402537
2016,1423,1.2381981596,1.1499952108,1.7505677988,1.5153889465,0.8421849373,0.8449503079,1.3761610952,1.0401383916,1.4058661301,0.8353504172,1.900202931,2.0405907014,1.288172502
2016,1371,1.124054277,0.9984206852,1.2513167515,0.9564298063,1.2979789238,1.2682710322,1.2458322064,1.1734376793,1.1696180043,1.0637956921,1.3307083936,1.4977586442,0.914726426
2016,1151,1.0455741971,1.0113599471,1.5182340423,1.1372246502,1.7986779089,1.5584764101,1.2915086515,1.1082536775,1.2532291495,0.918584671,1.5026592557,1.9279749646,0.8992334663
2016,1233,1.1175567298,1.0196878586,1.4914206126,1.2823474753,1.0520053658,1.0092132437,1.0312591233,1.0631913269,1.3270638707,0.9384949848,1.8730170239,1.9168226606,1.0716410655
2016,1122,0.9398198147,0.9384517604,0.8399205854,0.7989048402,1.4831415037,1.5358164394,1.1692973049,1.0794530002,0.9430617438,1.1474293925,1.1224994349,1.4368915392,0.8370441309
2016,1392,1.2279739553,1.0437012559,1.3334051463,0.9583999497,1.3707407831,1.3178430928,1.5955578068,1.2419091873,1.6135307354,1.0567423361,1.1995478358,2.6574631011,0.9071990421
2016,1138,0.9965976907,1.0011535589,1.3060348687,1.1376391119,1.3923285006,1.4022313139,1.2543079326,1.0809359785,1.0115455633,1.1880333837,1.6841862123,1.5388873571,1.0560734581
2016,1425,1.0902870007,0.9779258799,1.5205824122,0.9705872023,1.4608038193,1.3897392054,1.0399833824,1.1434278295,1.2381268736,1.0476920405,1.4041658952,1.7677688121,0.9233300482
2016,1201,1.1592637158,1.1188255143,1.125547718,0.9027528247,1.0995344966,1.0145500131,1.3597109544,1.0191735014,1.1376210294,0.7835615761,2.1835401038,1.9218043204,1.1320819418
2016,1214,1.0325298187,1.0243033015,1.3260372613,1.159953434,1.2641237455,1.3269483609,1.530175197,1.0868018435,1.579911113,1.1521638899,1.0204322008,1.3043368628,0.9648902168
2016,1112,1.1752850683,0.9691722684,1.4278804716,0.9673863139,1.6817936529,1.6285833915,1.5484565705,1.4003819844,1.3650952439,1.1928593794,1.2675811868,2.1425326265,0.8556447016
2016,1124,1.1643683922,1.089847734,1.0626982857,0.9830797003,1.3117821229,1.2402595801,1.9251376981,1.224637924,1.0555222695,1.0173540653,1.2888853379,1.2889360427,0.9879400511
2016,1143,1.1530750211,0.9779513591,1.499117405,1.3858602595,1.529132451,1.3830808074,1.3490078073,1.2755619205,1.253329061,1.3262341091,1.0722432389,2.5535025533,1.0726132738
2016,1396,1.0337661407,1.0467617084,1.6650968371,1.3596376434,1.1111752791,1.1248256187,1.1572515548,0.9635434455,1.1854246751,0.8924072691,1.4774711024,1.0225091627,1.0484333081
2016,1355,1.089216024,1.0448116709,1.4708665731,1.2727709599,1.2012672799,1.1495571646,1.613632705,1.1710636534,1.1685994729,1.0759637243,1.0172608237,0.8713548387,0.9845162369
2016,1277,1.3922330153,1.0401157197,2.0982287406,1.1902558461,1.2454875685,1.145265348,1.7023243249,1.4736624904,2.1407486983,1.4077420483,1.1566747479,2.1340125463,1.1640850462
2016,1400,1.0903770536,1.0278994193,1.4551065946,1.2594391411,1.2016419921,1.1814987242,1.2146454107,0.9804361807,1.1411610978,0.869499588,1.7306514204,2.2922077478,1.0604184778
2016,1167,1.2676447232,1.0929376672,1.0881381984,0.9439771768,1.0536020009,1.0703019083,1.28769779,1.1273741269,1.9257768163,0.8851930631,2.1849399302,2.3671674727,1.1322550609
2016,1452,1.3575009655,1.2626777525,1.7581499819,1.236459421,1.0975964358,1.0972662255,2.3440386448,1.0904752351,1.600802662,0.8415724038,1.6904962096,1.2038976927,1.0294860127
2016,1153,1.1832676251,1.0588064871,1.2147901345,1.1708264222,1.6699603132,1.5516823438,1.3691279862,1.1442903164,1.4814675586,0.9604446039,2.2295843355,2.665980367,0.9493201723
2016,1173,1.1415311391,0.9789002274,1.1149588178,0.9922489372,1.8286924977,1.586669867,1.2691269348,1.2439541185,1.313899014,1.117161321,1.5639567507,2.1997895862,0.9689154088
2016,1453,1.0459592951,1.0456895726,1.0098954007,1.010887229,1.3430406705,1.4076333984,1.2198333655,0.9367999698,1.0587987531,0.7763553977,2.2495519424,1.4689488474,0.9428303773
2016,1333,1.072533496,1.0394774712,1.0174660328,0.8585619626,1.474564126,1.3383275299,1.2115639606,0.9775488022,0.9853271848,0.8977704095,1.8951420642,1.2621301088,1.1406284713
2016,1421,1.0650719809,1.0180397702,1.0829604746,0.9237092051,1.5223876802,1.4706045275,1.3890394848,1.0454499018,1.3293074591,0.8772622333,1.5806926496,1.9151419431,0.900210455
2016,1338,1.1161194361,1.0453892787,1.1869698454,0.9825207614,1.5243638584,1.2758479857,2.022947018,1.2525472787,1.3895895805,1.1277440844,1.0312831262,1.7427216848,1.0030890433
2016,1451,0.996416707,0.8853141587,1.9171593797,1.6439866288,1.8793769049,1.7284578781,1.4334016086,1.2139028811,1.3883478767,1.3294760386,0.9119263533,2.6084892951,0.8591131325
2017,1243,1.1015410287,0.9819878143,1.0509405003,1.0920311694,1.3665598536,1.3649146188,0.9642827379,1.0600352355,1.2296918347,0.9057260256,1.4735329762,1.8097028723,0.9286554799
2017,1291,0.9862218356,0.9797938627,1.7727920438,1.3790298514,1.1601707554,1.0608289847,0.7322298958,0.9255644514,1.1930827487,0.9245253146,1.0897896465,2.3293724791,0.9827547767
2017,1413,1.0062740917,0.9880636652,1.1061274234,0.8951152137,1.4779622827,1.8371058392,1.2099052816,1.0728014339,1.001933709,1.0708755935,1.0014267892,1.3121894259,0.9434757168
2017,1425,1.0318607565,0.9579513804,1.1182188329,1.0117247482,2.0562784209,1.8690416689,0.9993288243,1.0785462946,1.1263384875,0.9640474487,1.5772595337,2.7038953074,0.8684653322
2017,1112,1.1222395156,0.9713429104,1.2760754441,0.8572428375,1.9180155637,1.5769171887,1.3919229221,1.3335142712,1.159394888,1.0212528388,1.4566344196,1.7739517732,0.8872600674
2017,1139,1.1586074009,1.0578651513,1.2713289998,1.0750021421,1.1267605393,1.0440894418,1.277488549,1.0678708434,1.5557585777,0.7785454036,1.4176364123,1.6028576714,1.0269296385
2017,1196,1.1611820824,1.032561275,1.8494613096,1.2272748694,1.454375206,1.3428183301,1.1947711063,1.0868265317,1.6098830653,0.8366455676,2.000428744,2.4477673174,0.911767469
2017,1199,1.2625322547,1.0562689378,1.1784519653,0.9584478792,1.2195851627,1.2137847856,1.2596496556,1.1990144385,1.37872563,0.8553405256,1.9414526899,2.5570014504,1.0338210945
2017,1211,1.3947544114,0.9682975703,1.6896882605,1.0936751981,1.8900132026,1.599175086,1.337033843,1.4414278208,1.8393842578,1.0124173494,1.6149736396,2.7250994197,0.8672605662
2017,1235,1.1446096774,1.0178931731,1.6036271102,1.2014818535,1.4630949441,1.3123960927,0.8739632824,1.0059813721,1.2861286716,0.7863454136,2.1640786747,1.500280811,0.9981572057
2017,1292,1.3153092365,1.1153765526,1.3712756133,1.0910640001,0.9503874452,0.9674799211,1.5383188654,1.1884137586,1.5225437259,0.819129882,2.2698490469,1.6181754303,1.1765947318
2017,1321,1.1390414658,1.0378927759,1.4507020657,1.1327306268,1.15076674,1.0154866762,1.031539968,1.117867416,1.3492808976,0.9886203062,0.9832571956,1.6332262471,1.1107232949
2017,1323,1.1238359052,1.021033376,1.5299012465,1.262571022,1.3215543813,1.1918485675,0.9522289514,1.0289169891,1.4159538776,0.8032448265,1.8116024823,1.5536212116,0.9932310374
2017,1345,1.1304995302,0.9523560131,1.786075278,1.1518037497,2.5279625248,2.2568140629,1.2469489195,1.3478094683,1.6095292892,1.2028487469,0.9262552485,1.3211041667,0.8537097751
2017,1388,1.3019845726,1.0224255108,2.5692387397,1.7274403139,1.7053669839,1.3511767946,1.9010620004,1.4383318309,2.2648237691,1.235685654,0.9843906295,2.1132495674,1.0123051512
2017,1437,1.172244031,0.9660483957,1.3998397205,1.1007241803,2.3227714023,1.966691553,1.1388767482,1.2651497618,1.1482619152,0.882299192,1.7668260366,2.0836743839,0.7939677551
2017,1438,1.4051561859,1.1226265703,1.3073838181,0.9851238608,1.087358313,0.9977815964,1.4803761694,1.1832335646,1.804054087,0.8305295879,1.5912995961,2.0011528489,1.179121083
2017,1452,1.3561800325,1.2125749636,1.3127133791,1.1725362237,1.3065010912,1.2202512991,1.4398632263,0.990339617,1.4795116565,0.673117871,2.4616534587,1.9343659194,0.9951957667
2017,1458,1.2374567186,1.0860155567,1.2906377601,1.2507876803,1.8353593623,1.6179229531,2.2862256654,1.1840252751,1.5694533692,0.9307042624,1.6843403484,1.634059625,0.8816071738
2017,1462,1.0601447305,1.0203247112,1.1209176505,0.9878499745,1.3595021563,1.3593473258,2.0089192675,1.1593500843,1.153372715,1.1417907358,1.58631968,0.9653803634,0.9067161867
2017,1116,1.1448152255,1.0248691505,1.0183119463,0.8368172258,1.2632336693,1.120188548,1.0466435564,1.0938640376,1.2018569797,0.9618503428,1.9055788081,2.118278606,1.1237466407
2017,1124,1.17681523,0.9989676838,1.2716913576,1.0121466204,1.6163601709,1.8238138337,1.4909547065,1.3522846148,1.2893951274,1.3884092481,1.4155327991,2.4205027973,1.0233800114
2017,1153,1.314841001,1.0969332741,1.3668816796,1.1564591915,1.2342863355,1.2974635943,1.3835281455,1.1623438661,1.5495215802,0.7862144431,2.649619597,2.4642099233,0.9899752349
2017,1181,1.1192080718,0.9799432925,2.2210897706,1.4458340367,1.6072733414,1.3959818924,1.1739228593,1.2114185235,1.2132428287,1.081381029,1.4145279607,2.6662586771,0.9252897885
2017,1242,1.1724067208,0.9978447,1.503229453,1.173174683,1.3003796536,1.3790513548,1.1319598566,1.2339675852,1.3807975515,1.0419229754,1.1350858524,1.7745169312,0.974082948
2017,1246,1.2093906612,1.0506341749,1.3052103764,1.100722297,1.5940994369,1.4084166837,1.477654405,1.172902861,1.5750898103,0.9216127496,1.7709397797,2.759263441,0.8522736828
2017,1257,1.3072280797,1.1007606404,1.5514538337,1.1084952161,1.0857870097,1.0448396093,1.380347353,1.1718249431,1.4249534041,0.8571438517,1.7067257872,2.3170886167,1.0689641046
2017,1276,1.0853053774,1.0243430102,1.9123051172,1.666923984,1.6982805052,1.4109848959,1.0304802539,1.0113782119,1.3359617341,0.7697354637,1.9871830336,1.6290198299,0.8950932679
2017,1277,1.1263672069,0.9555573968,1.4014728346,1.1992215635,0.9654156232,1.0005257161,1.0795904747,1.2545545006,1.4781045585,1.4047835807,0.9378008917,2.100762752,1.1373970349
2017,1314,1.2880038101,1.1283304162,1.0344256255,0.8934212671,1.6430633824,1.4748383017,1.9914452979,1.304439642,1.7338730779,0.9815459333,1.363743276,0.8528770762,0.9598700042
2017,1332,1.2200153629,0.9914077814,1.4587426225,1.0874964711,1.3709298938,1.3844979594,1.1038597895,1.249968455,1.5578501,0.8818097077,1.9606186022,3.2928948959,0.8826790759
2017,1348,1.2258079523,1.0946400384,1.763341358,1.3500239079,0.9232656522,0.986464762,1.2662834627,1.1178314911,1.4946783678,0.9054325619,1.823127552,2.7404476576,1.0888354487
2017,1376,1.2148609034,1.132247196,2.2758678914,1.2660811185,1.1519358104,1.1271918553,1.2136945899,1.0217031652,1.6777815644,0.7950750873,1.6846621889,1.7838227143,1.0243509217
2017,1417,1.2410766579,0.9952029889,1.2725413273,1.0879230155,1.6006520055,1.3152682774,1.0034010259,1.2930208511,1.8426944285,1.0992872901,1.1370532216,3.6093680266,0.9726404912
2017,1455,1.3583718557,1.0647793891,1.9363015904,1.0318149568,1.4447900323,1.2745921724,1.6163456158,1.3069491847,1.9244648446,0.8598390738,2.0541190253,1.9186405663,0.9277823752
2017,1448,1.0755166822,1.0077642039,1.2336300174,0.9672679576,1.4392767307,1.2395419873,1.2062925847,1.112465003,1.2148073336,1.0519419011,1.0705674981,1.5128297319,0.9895111794
2017,1309,1.0335896287,0.9744222146,0.7700356415,0.6793020617,1.506565565,1.3921177735,1.2524272357,1.158365674,1.312621893,1.1559287947,1.0114768575,1.2777243696,0.8763678492
2017,1300,1.1393852351,0.9746112118,1.6332569695,1.1151368363,1.4831872456,1.4195744686,0.985125326,1.1726118515,1.6899663158,0.9712133797,1.4824508159,1.6349837001,0.9775778029
2017,1344,1.0193895168,0.9864738946,1.5468059302,1.3870762526,1.5120629735,1.3857189945,1.1682187171,1.0059914633,1.4132522871,0.97310847,1.1753679442,1.4214124174,0.9063497318
2017,1315,1.1203580028,1.0201555518,1.5176775571,1.0176738924,1.2072201123,1.0891468104,0.9951001702,1.0740353686,1.4993136699,0.9942717718,1.4463349918,1.6048223083,1.1065372376
2017,1457,1.0961430996,0.97697911,1.9513546294,1.3152512828,1.3330426335,1.325489431,1.0540793279,1.0956006282,1.5487047619,0.990806727,1.3723304738,2.1806699711,0.9414899099
2017,1190,1.2101575088,1.0083324916,1.0748749055,0.9335190532,1.2291935351,1.2653778131,1.1647768063,1.2011764932,1.4476990207,1.0120099358,1.396042421,2.1575371169,1.0076872391
2017,1195,1.1638667719,1.0154736716,1.1867887492,0.8878226911,1.3358561975,1.0759194115,1.1663347348,1.230946433,1.2858216383,1.1191126637,1.1418842093,1.8453018768,1.088291276
2017,1355,0.9203213505,0.9115030211,0.9921188252,1.0000495835,1.7588378258,1.583966894,1.001210913,1.1218667919,0.9861087402,1.2352382414,1.0553032511,1.1194481044,0.8412248343
2017,1305,1.0379011715,0.9702180384,1.7837313578,1.1791369881,1.9098654795,1.8198226082,1.2185981748,1.1502906667,1.2608085255,1.1140612437,1.2240271598,2.7067685485,0.8321397747
2017,1278,1.0550084865,0.9633214139,1.3012046647,0.9113591453,1.5452026438,1.4192020767,1.2120074884,1.1065719963,1.1915265503,0.9798033885,1.3239788309,2.4980584471,0.8576999287
2017,1435,0.995589204,0.9435178397,2.2033817263,1.5412205581,1.3899827485,1.2939981343,1.0909104118,1.1156138257,1.4122627709,1.2415055193,0.9872768243,1.7868432256,1.0487221506
2017,1343,1.1832420979,1.1001725108,1.8679387023,1.4188967102,1.1029366756,1.0284710903,1.2988780332,1.0373285909,1.393689198,0.8233107861,1.7247512642,1.8372093752,1.0837183405
2017,1436,1.1934281465,1.0069850545,1.5478051537,1.1130028174,1.8139438097,1.607743766,1.2515328362,1.185728958,1.5184412479,0.9407002804,1.3516759091,2.5532576833,0.8800183354
2017,1433,1.2187912283,1.076866896,1.3036320855,1.1475667505,1.098531244,1.0565229045,1.2879978684,1.09708293,1.6522512821,0.8821433579,1.6353121772,1.7195869314,1.0627856257
2017,1423,1.1486881612,1.1559681103,2.1340241468,2.4745301786,0.9837947022,0.9488078844,1.4725463889,0.9618564665,1.3399429898,0.7099474212,2.3839222107,1.9483296365,1.0968531619
2017,1137,1.1293478846,0.9806199117,1.548223623,1.2864207088,1.3670023845,1.2462397771,0.9837576939,1.1471126836,1.3488682237,1.0096940973,1.176899943,1.7536940603,0.9933166955
2017,1439,1.0050350455,0.9021563004,1.2484001505,1.0695129235,1.8275667674,1.5886947791,0.8339372179,1.0905988862,1.2414340867,1.1158676153,1.0529405065,1.0057694775,0.8704975515
2017,1268,1.0461085672,0.9554398864,1.5747603221,1.2552888094,1.4304912659,1.414415129,1.0378955316,1.0928486701,1.3629186056,1.0989869011,1.1680870695,1.8870325128,0.9965728053
2017,1371,1.1008444908,1.0455445449,1.1814088338,1.0054019907,1.0297119638,1.1465086849,1.6226238922,1.1464614269,1.1378927362,1.164020278,1.2515479345,1.210463249,0.9969828202
2017,1308,1.0976409228,0.9956320956,1.7153607817,1.231166571,1.5407206164,1.397085812,1.4513089445,1.2569536451,1.5117901773,1.0691403058,1.2067225405,2.4565629331,0.8928267836
2017,1407,1.0312602215,0.9880178812,1.2713072801,1.0929601517,1.385857307,1.3468987403,1.1093775561,1.0712628153,1.1693990703,1.1213378756,1.4342451819,1.6817814039,0.9542022651
2017,1297,1.0057786461,0.9675355999,1.6334937651,1.2833353912,1.360235726,1.3341791942,1.3266881122,1.1301003915,1.2853950512,1.2337423978,1.165823276,1.0812478747,0.9934464363
2017,1240,1.0824868396,0.9851736498,1.110834807,1.0445081499,1.0337764412,1.0383261318,1.3993880955,1.1990322109,1.4036775269,1.3551802364,0.980556304,2.290872573,1.0652111081
2017,1329,1.1355729336,1.1114629821,1.6431591055,1.3289444836,1.1291547175,0.9650046995,1.3974374224,1.1099902808,1.2303031738,0.9703243868,1.8640986549,0.9284536941,1.1201232498
2017,1274,1.1135621553,1.0035400644,1.1832495138,1.0107611426,1.8208901355,1.7145076257,1.4712262184,1.1917885799,1.1336484152,1.1386386108,1.370924853,2.220034047,0.9879269254
2017,1411,0.9945306296,0.9725597655,1.4119643872,1.1928709648,1.6764746745,1.4311089012,1.077469463,1.0175089425,1.1179205044,0.9907666021,1.9508347441,1.4902157292,0.833066074
2017,1233,1.0646310471,1.0039234552,1.5663747905,1.2676845224,1.1225975968,1.0268510066,0.9122093607,1.0406414514,1.1442576309,0.9972925482,1.8872404607,1.4759101491,1.1507159642
2017,1166,1.1754509306,1.0001440075,1.4360385072,1.0485949043,1.2169652027,1.1568930683,0.8099442888,1.088347806,1.4250908271,0.9254890219,1.2501621276,1.2525885922,0.986167932
2017,1266,1.1334391399,1.0263270619,1.7816706661,1.301919829,1.0422703824,0.9516353655,0.9731280574,1.0775100656,1.1142759502,1.0014746326,1.3318668067,1.4181964583,1.1613269844
2017,1245,1.0761188742,1.0860377797,1.1045959636,1.1351697117,1.4564530924,1.2905539699,1.5988133373,1.1149802563,1.0200276328,0.9700494786,1.5569001277,2.2529748579,1.0175352161
2017,1374,1.2634114753,1.0076787656,1.2094825159,0.8314217556,1.8255402179,1.7141973382,1.6616811464,1.3823270101,1.4873752514,1.0367061027,1.8145853561,1.9051995667,0.8146293294
2017,1173,1.13829978,0.9922694503,1.4212721725,0.9897338637,1.3625153106,1.3588403124,1.120917107,1.0903201592,1.3631633887,0.8590583061,2.0376627586,1.6798296124,0.9584359387
