,Season,TeamID,Seed,Elo,RPI,PIE
0,2003,1328,1,1969.3528811673762,3,0.604965152
1,2003,1448,2,1936.069027413752,7,0.637397559
2,2003,1393,3,1851.652829733873,9,0.604162104
3,2003,1257,4,1837.6929646028893,11,0.6330579000000001
4,2003,1280,5,1872.4796684046826,24,0.643000955
5,2003,1329,6,1817.0714186950895,22,0.5924264579999999
6,2003,1386,7,1840.2976412311866,27,0.660722835
7,2003,1143,8,1853.2392714627927,33,0.556130101
8,2003,1301,9,1818.385310003725,53,0.541945192
9,2003,1120,10,1722.966680677882,36,0.586441607
10,2003,1335,11,1748.4755724748875,59,0.624786924
11,2003,1139,12,1804.4761103039082,35,0.5921711279999999
12,2003,1122,13,1527.960538760071,73,0.5399921360000001
13,2003,1264,14,1660.8786963934022,55,0.590304526
14,2003,1190,15,1536.5026367193645,125,0.5325455060000001
15,2003,1354,16,1417.9823937400124,178,0.52057445
16,2003,1400,1,1890.3078203097248,4,0.619806077
17,2003,1196,2,1959.623582491296,15,0.608490306
18,2003,1462,3,1908.116224371831,20,0.631299766
19,2003,1390,4,1925.0174801010053,21,0.571789139
20,2003,1163,5,1885.3665603230027,28,0.590828451
21,2003,1268,6,1990.7647056707565,37,0.660488946
22,2003,1277,7,1914.0129299979392,31,0.605159773
23,2003,1261,8,1794.9352257796802,39,0.637248245
24,2003,1345,9,1754.8273808018564,30,0.555209697
25,2003,1160,10,1722.0769346066568,46,0.5603695129999999
26,2003,1423,11,1741.4770386824036,51,0.631268091
27,2003,1140,12,1759.0188134582197,19,0.636318313
28,2003,1360,13,1649.9600616995126,82,0.555714764
29,2003,1407,14,1571.4675365996354,66,0.57348148
30,2003,1358,15,1491.1766853001147,91,0.589767049
31,2003,1411,16,1292.1075974746695,217,0.54769221
32,2003,1421,16,1324.060603880812,186,0.440671504
33,2003,1246,1,2027.7822966980893,1,0.666684064
34,2003,1338,2,1921.063996158383,8,0.704565667
35,2003,1266,3,1864.8072220481226,10,0.632611337
36,2003,1173,4,1838.300235936864,13,0.587211085
37,2003,1458,5,1864.535411998248,25,0.626424915
38,2003,1281,6,1811.7687560131885,17,0.557810426
39,2003,1231,7,1860.3233614640728,47,0.54222249
40,2003,1332,8,1848.8946989471274,50,0.584924317
41,2003,1428,9,1807.6009328440448,16,0.578466621
42,2003,1104,10,1800.8561774396742,38,0.536514221
43,2003,1356,11,1751.1796333334075,34,0.565746969
44,2003,1451,12,1630.2583900657996,41,0.577173907
45,2003,1409,13,1800.6021822831858,64,0.619563321
46,2003,1221,14,1564.7701924079956,61,0.6734638070000001
47,2003,1447,15,1476.1944910135417,103,0.5498375870000001
48,2003,1237,16,1480.9068811453876,160,0.483959466
49,2003,1112,1,2039.171584593952,2,0.654692705
50,2003,1242,2,2000.1798487305207,6,0.654868126
51,2003,1181,3,2129.469422153499,12,0.604881034
52,2003,1228,4,1987.587940722856,18,0.665553618
53,2003,1323,5,1819.647263064592,14,0.592360306
54,2003,1166,6,1827.4571385534714,23,0.644084096
55,2003,1272,7,1822.8521705477533,26,0.597777745
56,2003,1153,8,1895.4662493900994,29,0.553217925
57,2003,1211,9,1832.118663196655,43,0.612120239
58,2003,1113,10,1775.7802012464426,32,0.5851598689999999
59,2003,1141,11,1647.4385572832098,44,0.569291395
60,2003,1454,12,1647.077285613005,45,0.596028443
61,2003,1443,13,1760.1875959786419,58,0.609243137
62,2003,1161,14,1605.045005376667,75,0.531039398
63,2003,1429,15,1695.568228236472,79,0.576603548
64,2003,1436,16,1444.9077909215966,144,0.5613260870000001
65,2004,1181,1,2107.0798505526222,1,0.668747793
66,2004,1280,2,1951.0805792467347,4,0.644516462
67,2004,1400,3,1914.8006874050025,10,0.609326676
68,2004,1153,4,1926.0495998946851,11,0.6772321259999999
69,2004,1228,5,1959.5178778270833,23,0.5884901579999999
70,2004,1314,6,1844.0565127817035,19,0.573481727
71,2004,1462,7,1868.890433642988,35,0.591470335
72,2004,1371,8,1778.5295177925198,28,0.590011257
73,2004,1112,9,1957.3129005901324,41,0.5844690579999999
74,2004,1257,10,1862.5014584613255,24,0.644546901
75,2004,1102,11,1642.2339568234054,70,0.6374502
76,2004,1293,12,1659.5921694104206,58,0.6111830979999999
77,2004,1190,13,1636.7781840071204,61,0.601006542
78,2004,1343,14,1594.7691133508938,121,0.6003256379999999
79,2004,1284,15,1425.9333710787155,116,0.527880551
80,2004,1106,16,1358.88139599303,230,0.5419163
81,2004,1390,1,2005.5823490192968,7,0.703501906
82,2004,1163,2,1945.8367588140172,5,0.664933752
83,2004,1301,3,1894.4139107207595,17,0.585665635
84,2004,1268,4,1923.4158409942413,18,0.561653615
85,2004,1393,5,1866.7059384640804,14,0.569702175
86,2004,1435,6,1775.4081899395999,27,0.592174332
87,2004,1177,7,1702.064645502059,37,0.548511601
88,2004,1104,8,1820.323333626339,26,0.5690263489999999
89,2004,1356,9,1776.2182420077743,25,0.5785720679999999
90,2004,1173,10,1814.975768223553,40,0.562972267
91,2004,1444,11,1750.158641825406,44,0.640698034
92,2004,1140,12,1784.7902556266897,31,0.5890790920000001
93,2004,1431,13,1624.9415445135212,46,0.601077023
94,2004,1418,14,1696.092426199807,71,0.563789717
95,2004,1436,15,1465.9322061488594,115,0.551424158
96,2004,1427,16,1381.9201584484445,200,0.487144705
97,2004,1386,1,1933.862890007297,3,0.6587810820000001
98,2004,1329,2,1947.9497791341046,6,0.674361192
99,2004,1338,3,1992.1267234197915,8,0.6822166690000001
100,2004,1448,4,1927.1344349701355,20,0.588952005
101,2004,1196,5,1922.8194907322854,13,0.5741710879999999
102,2004,1458,6,1942.9863378467176,12,0.6599900910000001
103,2004,1272,7,1849.112064313225,32,0.571924931
104,2004,1403,8,1805.7537199550013,30,0.59526474
105,2004,1150,9,1744.519728370593,34,0.597070533
106,2004,1376,10,1788.532670804888,45,0.61930366
107,2004,1350,11,1753.6337304283868,47,0.578048616
108,2004,1264,12,1699.8573475502592,42,0.60758372
109,2004,1433,13,1659.889999314606,54,0.584243241
110,2004,1416,14,1566.781094188607,62,0.6066892079999999
111,2004,1186,15,1545.7637324334341,127,0.5286442339999999
112,2004,1251,16,1371.8834047609755,165,0.523796729
113,2004,1246,1,2049.201787294466,2,0.60534756
114,2004,1211,2,1916.4278961203945,9,0.700634526
115,2004,1210,3,1884.3547876864027,16,0.64457007
116,2004,1242,4,1941.6259368149522,15,0.592647269
117,2004,1344,5,1817.945785950013,21,0.573144497
118,2004,1130,6,1830.6525507881174,22,0.606995458
119,2004,1277,7,1894.1526234926853,39,0.5607889389999999
120,2004,1449,8,1752.7663280427764,60,0.52828284
121,2004,1412,9,1744.0239264335175,33,0.58017434
122,2004,1305,10,1751.994897728665,29,0.61893275
123,2004,1428,11,1801.4579516031256,36,0.6148993070000001
124,2004,1334,12,1626.789021512316,65,0.591838371
125,2004,1227,13,1710.787184826929,87,0.587925879
126,2004,1320,14,1592.6800293474869,59,0.5560553229999999
127,2004,1434,15,1583.445815453595,139,0.532234787
128,2004,1197,16,1312.7249369015428,262,0.49406138899999996
129,2004,1250,16,1350.8772387736526,194,0.516967916
130,2005,1449,1,1889.6613271217034,3,0.604071622
131,2005,1448,2,1978.4947136214773,7,0.620146826
132,2005,1211,3,1926.776870658415,10,0.629751397
133,2005,1257,4,1936.7482878167011,12,0.716340385
134,2005,1210,5,1884.9828316039068,27,0.617886441
135,2005,1403,6,1790.7316430631101,28,0.5964633460000001
136,2005,1452,7,1737.5726768886518,34,0.538074079
137,2005,1334,8,1731.1161147384555,22,0.629555713
138,2005,1338,9,1950.7443514875201,36,0.629495813
139,2005,1166,10,1754.3853824477303,44,0.5737139170000001
140,2005,1417,11,1735.1271613078932,38,0.541099691
141,2005,1203,12,1781.5982031179044,56,0.623953206
142,2005,1418,13,1697.366495696188,47,0.5465903
143,2005,1457,14,1562.8544357105982,82,0.609471399
144,2005,1151,15,1534.1388277027186,135,0.5500417479999999
145,2005,1285,16,1459.6694623762064,158,0.537401102
146,2005,1228,1,2069.205052737644,2,0.67015695
147,2005,1329,2,1971.1631390816826,5,0.628308785
148,2005,1112,3,1964.398729496263,8,0.5967341829999999
149,2005,1130,4,1869.4777240028034,9,0.617301285
150,2005,1104,5,1895.52133210417,17,0.662332951
151,2005,1261,6,1823.846763818776,25,0.572903422
152,2005,1356,7,1795.9479415135122,16,0.573756531
153,2005,1400,8,1842.0168885277344,42,0.616665997
154,2005,1305,9,1792.4363883601889,32,0.632493359
155,2005,1388,10,1676.822041906067,30,0.569904717
156,2005,1412,11,1763.9462298398705,49,0.5642328839999999
157,2005,1454,12,1756.0083215982434,58,0.601150626
158,2005,1335,13,1690.3868981473886,55,0.62261753
159,2005,1429,14,1792.9312904371216,50,0.6910111090000001
160,2005,1368,15,1460.3277618128755,115,0.59673324
161,2005,1192,16,1410.7370304176438,169,0.538623176
162,2005,1181,1,2096.1439472282327,4,0.652187954
163,2005,1246,2,2032.9173576168466,11,0.647578436
164,2005,1328,3,1915.1797788868928,18,0.6217467729999999
165,2005,1393,4,1930.699402780506,20,0.61382353
166,2005,1277,5,1933.51878007,21,0.652899911
167,2005,1428,6,1854.0105463377038,23,0.655911143
168,2005,1153,7,1898.6071641915219,24,0.690321996
169,2005,1390,8,1867.448911392266,41,0.524234906
170,2005,1280,9,1873.8430716097266,29,0.5795986129999999
171,2005,1234,10,1783.6059861334606,43,0.576164048
172,2005,1431,11,1719.6695864268647,33,0.596609443
173,2005,1330,12,1670.25589842386,35,0.647088305
174,2005,1436,13,1571.0551672505658,26,0.608203018
175,2005,1310,14,1611.4526881651288,95,0.536104472
176,2005,1184,15,1442.2203585085517,116,0.524907334
177,2005,1175,16,1396.786306648649,129,0.528195955
178,2005,1314,1,1993.7701839608826,6,0.670115582
179,2005,1163,2,1959.597459972493,13,0.642200615
180,2005,1242,3,1962.1817287821411,1,0.634655822
181,2005,1196,4,1964.314270323747,19,0.663043846
182,2005,1437,5,1863.825476692128,15,0.624067138
183,2005,1458,6,1918.7552687147709,14,0.588139351
184,2005,1150,7,1776.1138671424935,31,0.563037447
185,2005,1278,8,1735.0540234411205,40,0.57229734
186,2005,1235,9,1722.3580162035964,62,0.55045749
187,2005,1301,10,1875.4252135960949,63,0.5680685839999999
188,2005,1320,11,1643.129749148314,37,0.568403769
189,2005,1307,12,1730.3422326524662,67,0.605045009
190,2005,1325,13,1598.9090709227635,48,0.557467425
191,2005,1137,14,1505.7739515414735,64,0.61391898
192,2005,1416,15,1541.4119554489805,108,0.554667796
193,2005,1105,16,1325.6001985260473,226,0.542128602
194,2005,1324,16,1457.1040636238708,192,0.47627342
195,2006,1181,1,2120.0439262882987,1,0.6446829470000001
196,2006,1400,2,1923.9392867939728,8,0.685496478
197,2006,1234,3,1867.5824600059534,7,0.625853935
198,2006,1261,4,1891.9853865331631,13,0.633560824
199,2006,1393,5,1854.1830377142126,17,0.5737318770000001
200,2006,1452,6,1808.0112650146013,38,0.548125974
201,2006,1143,7,1738.5519371095913,52,0.55634518
202,2006,1203,8,1846.1045589287448,37,0.634454229
203,2006,1423,9,1701.9293670443426,28,0.611696012
204,2006,1301,10,1858.9319762853745,51,0.600483256
205,2006,1356,11,1751.4866532904089,29,0.559408444
206,2006,1401,12,1734.7731314434502,44,0.604875049
207,2006,1233,13,1601.5611480120895,64,0.589445903
208,2006,1322,14,1547.9420740688138,60,0.560397102
209,2006,1335,15,1662.4631454375344,98,0.589450688
210,2006,1380,16,1356.7114473992974,132,0.545294435
211,2006,1272,1,1900.7268998968266,4,0.66619813
212,2006,1417,2,1885.6852123895487,10,0.63234224
213,2006,1211,3,1959.414336158225,9,0.5863967370000001
214,2006,1242,4,1987.8163114842373,20,0.6710991470000001
215,2006,1338,5,1963.4242323305386,11,0.633476025
216,2006,1231,6,1801.321165231606,34,0.5459843560000001
217,2006,1266,7,1767.0231110806326,31,0.537913984
218,2006,1116,8,1801.781647764664,45,0.622429287
219,2006,1137,9,1636.4640004479184,42,0.6727364159999999
220,2006,1104,10,1824.2415753416626,57,0.552785888
221,2006,1361,11,1687.4000761845373,56,0.572339637
222,2006,1245,12,1735.1984348131507,48,0.55269996
223,2006,1133,13,1660.6919410609887,33,0.578001067
224,2006,1462,14,1769.6125315032018,80,0.605721826
225,2006,1125,15,1514.8270074740371,115,0.550440177
226,2006,1331,16,1629.3487649982847,131,0.599311115
227,2006,1437,1,1953.234331159317,2,0.604983681
228,2006,1326,2,1856.6194500490606,5,0.600052849
229,2006,1196,3,1993.5028819883426,15,0.6667987470000001
230,2006,1130,4,1914.9164382341648,22,0.606874664
231,2006,1305,5,1835.0714156439228,19,0.611182496
232,2006,1328,6,1871.975651747882,16,0.593542696
233,2006,1207,7,1781.18077406691,36,0.601063995
234,2006,1112,8,1889.984285713005,23,0.570255076
235,2006,1458,9,1841.4163844165537,24,0.556106337
236,2006,1320,10,1702.031819726597,25,0.592107933
237,2006,1454,11,1744.5529536945762,53,0.5596054429999999
238,2006,1285,12,1581.7082943793719,61,0.579373562
239,2006,1334,13,1706.4993243353879,88,0.634064748
240,2006,1375,14,1627.126427313367,66,0.584752905
241,2006,1172,15,1604.13048159141,94,0.5454583239999999
242,2006,1214,16,1350.9179452494286,284,0.535960309
243,2006,1284,16,1443.8466063366213,144,0.553292957
244,2006,1163,1,2030.601931661938,3,0.68120318
245,2006,1397,2,1831.2358611094128,6,0.549437603
246,2006,1314,3,2011.4128479132069,12,0.62737696
247,2006,1228,4,2022.7934334067945,14,0.629550763
248,2006,1449,5,1898.5708207987038,35,0.599653085
249,2006,1277,6,1882.6862963199949,18,0.562598952
250,2006,1455,7,1729.5151701497198,27,0.5747378910000001
251,2006,1246,8,1923.5071390788626,41,0.554404973
252,2006,1412,9,1800.5789437901574,32,0.573726783
253,2006,1371,10,1722.0667503570496,58,0.50354015
254,2006,1206,11,1699.4693225796314,26,0.633587328
255,2006,1429,12,1759.7619527493384,46,0.600703988
256,2006,1102,13,1741.1958346675247,50,0.61541265
257,2006,1293,14,1652.4913047764692,65,0.610576856
258,2006,1457,15,1588.245279495206,73,0.648591231
259,2006,1107,16,1415.8238346599744,119,0.542275217
260,2007,1314,1,2063.851507856667,2,0.680818115
261,2007,1207,2,1932.369678005672,9,0.669010075
262,2007,1450,3,1801.028958650455,25,0.628022046
263,2007,1400,4,1933.8620037076994,26,0.613502224
264,2007,1425,5,1744.6187714054709,47,0.6111644279999999
265,2007,1435,6,1781.0143640022213,46,0.546868295
266,2007,1130,7,1840.240326472455,32,0.557809077
267,2007,1266,8,1827.89801363017,22,0.56628925
268,2007,1277,9,1852.9352720851396,24,0.626415071
269,2007,1403,10,1724.1441573999014,53,0.535158031
270,2007,1203,11,1787.7062688033511,71,0.592259016
271,2007,1116,12,1812.4831406492935,35,0.587886247
272,2007,1308,13,1627.936707418248,69,0.570387536
273,2007,1331,14,1658.163426530775,90,0.611756787
274,2007,1125,15,1574.3524477168037,116,0.579340194
275,2007,1184,16,1447.9006368383114,126,0.524611398
276,2007,1326,1,1982.1858642632474,1,0.658994678
277,2007,1272,2,1961.75984088492,8,0.6888266
278,2007,1401,3,1880.5201119206336,17,0.719210975
279,2007,1438,4,1749.4549906737036,55,0.545466218
280,2007,1397,5,1853.9473510604694,12,0.516438272
281,2007,1257,6,1899.832905302872,37,0.595918493
282,2007,1305,7,1869.0507602014725,23,0.6148863689999999
283,2007,1140,8,1768.2742473925332,18,0.586024853
284,2007,1462,9,1829.8627582971787,33,0.6327902329999999
285,2007,1166,10,1778.6608647938974,20,0.613780577
286,2007,1390,11,1753.0049587725725,63,0.543915162
287,2007,1253,12,1604.3336899895685,79,0.5311355329999999
288,2007,1107,13,1496.423534668257,78,0.555408913
289,2007,1335,14,1660.352592641121,88,0.610210732
290,2007,1317,15,1519.5720578329503,137,0.553011888
291,2007,1148,16,1455.274881129996,147,0.533135954
292,2007,1196,1,2016.4348191873385,6,0.6948871240000001
293,2007,1458,2,1933.6175805648707,4,0.677552362
294,2007,1332,3,1832.5161073294332,21,0.5987563370000001
295,2007,1268,4,1879.7571345497315,16,0.6378505320000001
296,2007,1139,5,1726.106792768041,27,0.6585034820000001
297,2007,1323,6,1850.2840933749405,31,0.627243786
298,2007,1424,7,1789.8536606947696,10,0.591981481
299,2007,1112,8,1863.4929292912645,14,0.5841693139999999
300,2007,1345,9,1723.6297034461002,42,0.567649647
301,2007,1210,10,1813.2084409292083,52,0.586780746
302,2007,1457,11,1697.0004136864277,70,0.644148505
303,2007,1330,12,1725.1429537461004,40,0.610493595
304,2007,1172,13,1716.1813831680195,48,0.599432864
305,2007,1275,14,1675.2502734920386,92,0.548475846
306,2007,1394,15,1638.0418036288504,81,0.623594503
307,2007,1238,16,1353.565544765193,168,0.505604382
308,2007,1242,1,2024.4374752265444,11,0.710654371
309,2007,1417,2,1935.0311391140374,3,0.606631216
310,2007,1338,3,1957.2531150761279,5,0.599987784
311,2007,1356,4,1829.7655115851594,7,0.558742025
312,2007,1439,5,1760.4305768885833,34,0.613417189
313,2007,1181,6,2011.1385740880576,15,0.6318953589999999
314,2007,1231,7,1834.9829160672632,28,0.573325073
315,2007,1246,8,1907.1627335667486,13,0.604016477
316,2007,1437,9,1926.7833864417014,19,0.5898484820000001
317,2007,1211,10,1862.3146657300656,61,0.622500441
318,2007,1433,11,1728.905557075294,44,0.590610895
319,2007,1228,12,1906.1442610470635,29,0.596658395
320,2007,1221,13,1618.7327252473078,60,0.606728746
321,2007,1460,14,1598.867121454345,72,0.5240975760000001
322,2007,1451,15,1447.6796021583166,143,0.520047114
323,2007,1197,16,1329.2058203193862,171,0.512779921
324,2007,1310,16,1533.3283217610858,136,0.508720231
325,2008,1314,1,2121.6528327760902,2,0.645572027
326,2008,1397,2,1957.86326219822,1,0.58754402
327,2008,1257,3,1943.4694373377747,13,0.635700233
328,2008,1450,4,1854.0868086197588,23,0.649180114
329,2008,1323,5,1889.8648535455154,26,0.612984297
330,2008,1328,6,1790.8658572502923,27,0.575274863
331,2008,1139,7,1826.253714729639,17,0.61953016
332,2008,1231,8,1871.5094893649896,22,0.636435547
333,2008,1116,9,1820.973552202925,31,0.585276043
334,2008,1375,10,1677.3285127491165,38,0.629602566
335,2008,1386,11,1748.7465538361307,44,0.572351794
336,2008,1206,12,1685.37650198928,61,0.596680149
337,2008,1457,13,1625.5048758605624,108,0.571204751
338,2008,1129,14,1646.0742445480828,87,0.5769801520000001
339,2008,1110,15,1467.8607583935725,91,0.545668405
340,2008,1164,16,1278.3473394728915,228,0.428485535
341,2008,1291,16,1391.189158287709,159,0.552075515
342,2008,1242,1,2075.8254113286703,5,0.707178302
343,2008,1207,2,1983.5343433041046,8,0.654696208
344,2008,1458,3,1991.5316190218973,11,0.700602031
345,2008,1435,4,1841.5806227765165,12,0.573792194
346,2008,1155,5,1885.026938904123,19,0.5690761
347,2008,1425,6,1809.7900599101565,28,0.603562589
348,2008,1211,7,1863.1841425374173,30,0.666773947
349,2008,1424,8,1814.0334101549251,24,0.5889262120000001
350,2008,1245,9,1791.425456509946,21,0.624712206
351,2008,1172,10,1791.7402487992663,35,0.641342644
352,2008,1243,11,1777.4564316370388,50,0.607517415
353,2008,1437,12,1860.1846187470385,51,0.523919124
354,2008,1373,13,1598.9848200369038,66,0.575781704
355,2008,1168,14,1620.4753400531326,80,0.553230171
356,2008,1420,15,1448.470745001622,88,0.55081435
357,2008,1340,16,1593.1834267136242,90,0.552989916
358,2008,1272,1,2020.8663170112507,3,0.6934764520000001
359,2008,1400,2,1968.461836084552,6,0.623679334
360,2008,1390,3,1856.138368078934,14,0.652553328
361,2008,1338,4,1925.9854446413772,15,0.588400839
362,2008,1277,5,1890.9472509150528,16,0.612436299
363,2008,1266,6,1887.8259391316326,20,0.621456976
364,2008,1274,7,1739.7911924387265,34,0.562817484
365,2008,1280,8,1835.8206567344555,40,0.621966299
366,2008,1332,9,1794.576965974647,58,0.530786292
367,2008,1388,10,1732.7053479896795,36,0.642382586
368,2008,1246,11,1806.7147208750855,57,0.60135037
369,2008,1396,12,1716.6071769750006,47,0.559583384
370,2008,1331,13,1689.7627397964457,53,0.5975578229999999
371,2008,1165,14,1506.3761001555938,65,0.609563623
372,2008,1122,15,1566.5532272646592,84,0.537725056
373,2008,1426,16,1414.0879859235904,147,0.548345615
374,2008,1417,1,2004.7963771814013,4,0.666014462
375,2008,1181,2,2045.0600205974927,7,0.633280733
376,2008,1462,3,1871.6715515578894,9,0.630278963
377,2008,1163,4,1883.9703520028165,18,0.642509762
378,2008,1179,5,1771.8763121394836,10,0.6227644929999999
379,2008,1345,6,1816.9935799656228,45,0.580207557
380,2008,1452,7,1854.8622894282626,29,0.6080517520000001
381,2008,1140,8,1833.555678339928,25,0.624748205
382,2008,1401,9,1852.8182490111358,41,0.601652128
383,2008,1112,10,1832.7914907292368,37,0.565665189
384,2008,1124,11,1666.6294122965226,43,0.5521493000000001
385,2008,1443,12,1738.4224861876933,39,0.620870478
386,2008,1360,13,1607.030134505112,94,0.525247799
387,2008,1208,14,1718.3903473457958,98,0.49023708299999996
388,2008,1125,15,1614.6071451731748,79,0.533707956
389,2008,1290,16,1346.194367301909,223,0.441989102
390,2009,1338,1,1997.9721595299927,2,0.633578875
391,2009,1181,2,2041.9846502534444,1,0.645080097
392,2009,1437,3,1917.037105202471,13,0.605851366
393,2009,1462,4,1876.172846924072,17,0.633267514
394,2009,1199,5,1844.8621835992965,15,0.58904186
395,2009,1417,6,1974.7519098396224,33,0.623916819
396,2009,1400,7,1914.9791062507254,41,0.606433081
397,2009,1329,8,1785.6798531488455,19,0.549668966
398,2009,1397,9,1899.7621848319625,25,0.555364373
399,2009,1278,10,1744.5557959803657,42,0.555801599
400,2009,1433,11,1765.0825467660227,50,0.6044633629999999
401,2009,1458,12,1909.4231080147601,45,0.561397936
402,2009,1340,13,1596.6178090672934,113,0.548537214
403,2009,1110,14,1561.3681179948915,73,0.585615262
404,2009,1127,15,1462.9962628965545,88,0.535157444
405,2009,1190,16,1559.4121602769244,116,0.582251478
406,2009,1314,1,2131.377478061179,3,0.640151929
407,2009,1328,2,1891.8656009516887,5,0.6494586689999999
408,2009,1393,3,1903.1816018994014,12,0.596230507
409,2009,1211,4,1928.3844842295505,26,0.6878770809999999
410,2009,1228,5,1842.1439529625516,22,0.617123861
411,2009,1113,6,1824.4701800218595,31,0.6133029560000001
412,2009,1155,7,1899.5927328688388,28,0.609192446
413,2009,1261,8,1810.526435325937,37,0.621743891
414,2009,1139,9,1851.7493270770733,24,0.619199166
415,2009,1276,10,1722.8179656400973,44,0.508064958
416,2009,1396,11,1760.9826895175381,30,0.572767881
417,2009,1443,12,1727.9753572377927,43,0.575789355
418,2009,1103,13,1694.8771102852586,99,0.5776296989999999
419,2009,1372,14,1603.0959479343655,74,0.549780826
420,2009,1288,15,1462.451623295472,130,0.54376861
421,2009,1347,16,1398.753948021706,132,0.545723309
422,2009,1257,1,1988.4142625321786,4,0.624679051
423,2009,1277,2,1927.327966914848,6,0.623373988
424,2009,1242,3,2005.0221988360572,11,0.6427351139999999
425,2009,1448,4,1856.372826875753,16,0.643232915
426,2009,1428,5,1779.4552629791754,9,0.614668743
427,2009,1452,6,1920.9675691745188,21,0.59101633
428,2009,1130,7,1756.9093608218698,60,0.549242708
429,2009,1326,8,1859.9394529864987,32,0.583890856
430,2009,1373,9,1688.8506857179595,18,0.582682554
431,2009,1425,10,1828.4390965729724,38,0.599290305
432,2009,1173,11,1733.905216973566,27,0.571708305
433,2009,1112,12,1822.444934970984,62,0.55067196
434,2009,1156,13,1654.0905388065853,52,0.570976744
435,2009,1295,14,1646.8863989552044,87,0.592161749
436,2009,1352,15,1509.773030877043,109,0.5777265979999999
437,2009,1106,16,1416.1181097469903,179,0.601994865
438,2009,1287,16,1423.3008751171176,141,0.514306034
439,2009,1163,1,1975.1567042910567,8,0.681958397
440,2009,1272,2,2048.7872827058586,7,0.715340135
441,2009,1281,3,1838.3579645129528,10,0.652367965
442,2009,1449,4,1855.6193278272021,14,0.611872557
443,2009,1345,5,1873.6098594969378,20,0.637104612
444,2009,1266,6,1898.2904824528039,35,0.5973362289999999
445,2009,1143,7,1767.9764035795235,39,0.586664582
446,2009,1140,8,1856.4714904667132,29,0.646231817
447,2009,1401,9,1844.3928873187451,36,0.555567127
448,2009,1268,10,1807.1956025762415,55,0.545059885
449,2009,1429,11,1773.1719414287252,23,0.61482512
450,2009,1320,12,1732.875557675345,59,0.565759527
451,2009,1280,13,1821.7610516956797,63,0.593766117
452,2009,1165,14,1570.8728612166706,115,0.602172135
453,2009,1169,15,1559.721460067655,127,0.5231069939999999
454,2009,1151,16,1484.3007928960376,174,0.49545816600000003
455,2010,1246,1,1959.735914981989,2,0.675507772
456,2010,1452,2,1969.173057809771,4,0.6117142879999999
457,2010,1307,3,1844.3083660839504,10,0.602386145
458,2010,1458,4,1931.0315923876171,21,0.618873966
459,2010,1396,5,1846.568444390808,8,0.6169953979999999
460,2010,1266,6,1889.8465738998627,50,0.5688083070000001
461,2010,1155,7,1892.4369445730715,34,0.575939066
462,2010,1400,8,1902.1926724886841,29,0.635083659
463,2010,1448,9,1816.985879891037,39,0.567430305
464,2010,1281,10,1829.4376194253232,44,0.614500892
465,2010,1449,11,1889.2147099248557,41,0.602221346
466,2010,1165,12,1671.4672740013052,46,0.614086651
467,2010,1459,13,1599.3098004931055,69,0.6084703779999999
468,2010,1285,14,1568.9568444854792,97,0.5852380660000001
469,2010,1288,15,1530.3317652120706,103,0.565516684
470,2010,1190,16,1525.1195584708573,121,0.525291821
471,2010,1181,1,2072.3894409708814,3,0.656315625
472,2010,1437,2,1932.367754688937,11,0.588141754
473,2010,1124,3,1861.790810127156,9,0.645051752
474,2010,1345,4,1910.224492344425,16,0.6105375120000001
475,2010,1401,5,1881.2245767215509,13,0.564460159
476,2010,1323,6,1868.354842498288,49,0.569383933
477,2010,1350,7,1710.9308893470206,25,0.5952557039999999
478,2010,1143,8,1858.7279251771145,20,0.589472956
479,2010,1257,9,1878.7912275844226,37,0.560895624
480,2010,1388,10,1826.5899807827725,35,0.632219991
481,2010,1330,11,1726.992605981153,27,0.641385986
482,2010,1429,12,1800.7722930793116,30,0.636634689
483,2010,1373,13,1737.3123947873326,31,0.612426551
484,2010,1358,14,1631.357738047468,70,0.566668147
485,2010,1352,15,1515.8337689680875,129,0.53699456
486,2010,1115,16,1306.5178318062908,183,0.525335828
487,2010,1457,16,1477.256130739295,160,0.506739715
488,2010,1242,1,2086.3311666394447,1,0.6906189909999999
489,2010,1326,2,1944.064508012781,22,0.634085614
490,2010,1207,3,1910.630254790236,7,0.596062246
491,2010,1268,4,1878.952540101464,24,0.634813234
492,2010,1277,5,1926.5114282814113,28,0.608536976
493,2010,1397,6,1892.2444324701005,14,0.5796427439999999
494,2010,1329,7,1817.7235142529569,32,0.553964363
495,2010,1424,8,1803.4965656874372,48,0.60116584
496,2010,1320,9,1834.9485702600248,17,0.6291242579999999
497,2010,1210,10,1798.2011156629244,33,0.5882990810000001
498,2010,1361,11,1824.863855591688,18,0.60180715
499,2010,1308,12,1642.9023675016629,51,0.503966729
500,2010,1222,13,1693.6337206962796,110,0.501550527
501,2010,1325,14,1630.507798815277,95,0.548653037
502,2010,1364,15,1574.6698136779955,94,0.532184191
503,2010,1250,16,1438.7956707030926,152,0.562283069
504,2010,1393,1,1985.0393461354392,5,0.658068939
505,2010,1243,2,1894.2348994739973,6,0.617837335
506,2010,1338,3,1941.503366257424,15,0.620661244
507,2010,1435,4,1841.1328597887743,26,0.5854907460000001
508,2010,1139,5,1906.546249524825,12,0.633495729
509,2010,1462,6,1887.024344131431,19,0.5889484079999999
510,2010,1140,7,1920.1574036022869,23,0.6748108909999999
511,2010,1211,8,1900.6226962547207,36,0.6299744589999999
512,2010,1199,9,1859.7978709228776,42,0.646364194
513,2010,1196,10,1836.437880253506,56,0.5728084179999999
514,2010,1278,11,1807.168250310161,62,0.612991826
515,2010,1431,12,1777.1340336591586,38,0.641564396
516,2010,1293,13,1656.3366805177718,57,0.690365297
517,2010,1324,14,1640.58585418083,52,0.53309159
518,2010,1317,15,1575.0098335290872,104,0.558918655
519,2010,1436,16,1575.3497985864724,118,0.60929238
520,2011,1326,1,2035.1477931349261,2,0.6767823079999999
521,2011,1314,2,1957.283235831528,6,0.591911028
522,2011,1393,3,1971.0732312116468,18,0.62696833
523,2011,1246,4,1985.1006533399054,7,0.632640548
524,2011,1452,5,1926.3478503539584,21,0.584807506
525,2011,1462,6,1901.2742413249564,22,0.584244333
526,2011,1449,7,1896.1171588849595,32,0.604083122
527,2011,1206,8,1742.2386056911996,24,0.657354778
528,2011,1437,9,1882.9595428436883,38,0.578507902
529,2011,1208,10,1727.2057629401327,47,0.601695092
530,2011,1266,11,1850.5385446172568,64,0.572975612
531,2011,1155,12,1885.678161264448,57,0.5971395429999999
532,2011,1412,12,1760.8676708060773,31,0.5840865129999999
533,2011,1343,13,1567.4564801115757,40,0.57579163
534,2011,1232,14,1641.8714848847278,84,0.524721453
535,2011,1254,15,1488.3583222581271,75,0.586868329
536,2011,1106,16,1328.2563889156927,257,0.443356597
537,2011,1427,16,1463.4825614785352,194,0.517663815
538,2011,1181,1,2092.656696635946,4,0.665334811
539,2011,1361,2,1947.5250772495285,3,0.642628409
540,2011,1163,3,1916.25393949928,14,0.58531158
541,2011,1400,4,1987.073119384973,11,0.691214785
542,2011,1112,5,1848.2578388370655,19,0.586850963
543,2011,1153,6,1833.1290005188746,36,0.6081504529999999
544,2011,1396,7,1874.0331649841287,30,0.593112092
545,2011,1276,8,1755.8240194028367,52,0.527458903
546,2011,1397,9,1838.201899451125,34,0.538887534
547,2011,1336,10,1710.6276206033585,39,0.511705189
548,2011,1281,11,1834.7725189117355,37,0.581286172
549,2011,1272,12,1804.9745770577067,28,0.546441066
550,2011,1324,13,1722.1248688618612,53,0.5816474189999999
551,2011,1137,14,1514.7601745709715,79,0.59676077
552,2011,1294,15,1567.3822318219625,99,0.552345151
553,2011,1214,16,1415.3178447834848,153,0.585667835
554,2011,1338,1,1995.59024551916,10,0.649850348
555,2011,1196,2,1909.8239514611525,8,0.601097763
556,2011,1140,3,1948.3595812007354,5,0.622524138
557,2011,1458,4,1940.47633583305,16,0.600387813
558,2011,1243,5,1880.6954243255593,23,0.557909346
559,2011,1385,6,1817.560962286089,26,0.54859498
560,2011,1417,7,1789.7457049058962,44,0.5806634479999999
561,2011,1139,8,1857.7637728099805,33,0.572555345
562,2011,1330,9,1779.3089393160456,20,0.619678246
563,2011,1277,10,1835.8413138390454,45,0.544896869
564,2011,1211,11,1861.1141027387093,56,0.656462686
565,2011,1429,12,1866.5933431584147,15,0.6761199000000001
566,2011,1125,13,1694.4204943923792,51,0.6780512790000001
567,2011,1459,14,1639.3493477932166,109,0.563302066
568,2011,1364,15,1574.5304882793755,157,0.55775859
569,2011,1114,16,1451.3162799860281,188,0.487223367
570,2011,1421,16,1440.4631672978905,147,0.5528893220000001
571,2011,1242,1,2110.758296720342,1,0.6826962409999999
572,2011,1323,2,1939.8234427412297,9,0.612343089
573,2011,1345,3,1944.0962953345927,12,0.6075163729999999
574,2011,1257,4,1919.0880266981867,17,0.6165284670000001
575,2011,1435,5,1848.2701780329148,27,0.601860835
576,2011,1207,6,1882.1517594758102,13,0.545371755
577,2011,1401,7,1881.5620707043665,29,0.605437015
578,2011,1424,8,1833.44652236778,25,0.6471928889999999
579,2011,1228,9,1816.8725057573722,48,0.58014489
580,2011,1199,10,1861.7253074306561,55,0.605969797
581,2011,1425,11,1774.9972601249628,67,0.5626411610000001
582,2011,1433,11,1726.5205710281216,49,0.528868572
583,2011,1350,12,1806.0602241272907,41,0.622597402
584,2011,1287,13,1600.6402243579055,77,0.553658894
585,2011,1389,14,1520.2218238683,92,0.49663754299999996
586,2011,1103,15,1658.2735527795276,107,0.551063572
587,2011,1131,16,1516.980988029592,129,0.530266572
588,2012,1393,1,2039.48003241719,1,0.6547336220000001
589,2012,1326,2,2038.0920537512743,7,0.690957658
590,2012,1199,3,1907.6217584849708,11,0.613661479
591,2012,1458,4,1929.7552572472573,23,0.656677693
592,2012,1435,5,1899.9659144833456,19,0.58107895
593,2012,1153,6,1875.767951686448,42,0.553660506
594,2012,1211,7,1900.592107053772,25,0.649867881
595,2012,1243,8,1899.686534233531,48,0.6172450970000001
596,2012,1379,9,1696.3866706483175,21,0.517974183
597,2012,1452,10,1870.1170685020847,57,0.558780349
598,2012,1400,11,1909.4633179674106,50,0.60488183
599,2012,1217,12,1699.6658130664782,35,0.6758380940000001
600,2012,1285,13,1660.6055015116715,74,0.619485155
601,2012,1382,14,1662.1860608887162,72,0.5766851239999999
602,2012,1259,15,1537.6664886490696,78,0.554198097
603,2012,1421,16,1524.9175369897455,104,0.5781900999999999
604,2012,1314,1,2026.6181166616316,4,0.676642965
605,2012,1242,2,2088.126389410107,6,0.6595397679999999
606,2012,1207,3,1909.5055809868409,15,0.649238534
607,2012,1276,4,1834.9406450207248,13,0.550032851
608,2012,1396,5,1858.97913956637,20,0.572752853
609,2012,1361,6,1895.5680071964566,26,0.580007285
610,2012,1388,7,1829.630815110051,28,0.6303868579999999
611,2012,1166,8,1783.2422077138117,24,0.599891089
612,2012,1104,9,1819.8938136866518,36,0.616229602
613,2012,1345,10,1865.9520749659162,47,0.556823835
614,2012,1301,11,1763.0283990018859,49,0.5780604220000001
615,2012,1143,12,1813.0946403656646,37,0.647201461
616,2012,1378,12,1734.659402048296,52,0.523656573
617,2012,1325,13,1698.0277449977307,46,0.565074017
618,2012,1125,14,1728.7243328580978,58,0.622657495
619,2012,1178,15,1650.022632296445,125,0.538570074
620,2012,1249,16,1524.3090311549429,108,0.562151311
621,2012,1436,16,1558.434570197005,135,0.593233883
622,2012,1246,1,2064.0123810366517,2,0.702280571
623,2012,1181,2,2058.107128610178,5,0.589573601
624,2012,1124,3,1905.069747936948,8,0.6192381029999999
625,2012,1231,4,1781.6292203790415,17,0.637821082
626,2012,1455,5,1880.541855674583,12,0.6603104320000001
627,2012,1424,6,1840.4918260435024,18,0.618286013
628,2012,1323,7,1888.863816582574,39,0.5611806779999999
629,2012,1235,8,1786.233151391119,33,0.566643565
630,2012,1163,9,1863.6472850866448,32,0.578181745
631,2012,1462,10,1790.2822210551917,41,0.54499626
632,2012,1160,11,1728.511429210866,62,0.548072628
633,2012,1433,12,1799.9204359260887,38,0.589273985
634,2012,1308,13,1702.808602401028,59,0.617097456
635,2012,1355,14,1660.387323527261,43,0.597413056
636,2012,1250,15,1549.941656766774,91,0.593172401
637,2012,1290,16,1323.8270513605432,144,0.488335239
638,2012,1443,16,1491.0510308816413,189,0.45146864700000006
639,2012,1277,1,1953.9559311983496,3,0.660770391
640,2012,1281,2,1973.757934939653,10,0.647220892
641,2012,1266,3,1903.0587427825405,9,0.607808596
642,2012,1257,4,1939.9588708420767,14,0.645368195
643,2012,1307,5,1874.0798546601425,27,0.6671438829999999
644,2012,1293,6,1746.5956600979266,22,0.647323069
645,2012,1196,7,1902.095442778184,30,0.594783208
646,2012,1272,8,1874.8913764982785,16,0.6637268829999999
647,2012,1387,9,1762.8635666809464,31,0.650602365
648,2012,1438,10,1789.2851351606241,53,0.653023521
649,2012,1161,11,1690.0947173152674,29,0.550405006
650,2012,1253,12,1729.2938129881604,34,0.614798266
651,2012,1172,13,1639.989184399121,64,0.596229463
652,2012,1140,14,1859.7366856326114,45,0.610278061
653,2012,1233,14,1708.2055915441103,40,0.601383875
654,2012,1313,15,1369.0453690810816,128,0.564515102
655,2012,1254,16,1513.5665139171185,80,0.55467042
656,2013,1231,1,1925.7213685267102,8,0.704642245
657,2013,1274,2,1917.2701792079085,4,0.608136411
658,2013,1266,3,1926.5826131674087,13,0.585459606
659,2013,1393,4,1983.8189095761945,14,0.608526653
660,2013,1424,5,1816.318558181479,23,0.610586528
661,2013,1139,6,1801.6261291681014,22,0.5607472689999999
662,2013,1228,7,1788.08571189703,40,0.491234039
663,2013,1301,8,1843.7573834167351,33,0.590055189
664,2013,1396,9,1835.664904082728,41,0.557772687
665,2013,1160,10,1765.943014893219,38,0.5538253679999999
666,2013,1137,11,1675.9827784236775,51,0.643800642
667,2013,1143,12,1767.7669704656682,53,0.576089335
668,2013,1285,13,1671.0616551440496,74,0.560412724
669,2013,1172,14,1721.1842974632605,61,0.63078748
670,2013,1334,15,1555.3097039320892,97,0.518605661
671,2013,1241,16,1495.556409813468,182,0.517437336
672,2013,1254,16,1511.5949341537478,179,0.543441587
673,2013,1242,1,2070.7034446709927,5,0.679632735
674,2013,1207,2,1969.099252114206,11,0.645350028
675,2013,1196,3,1983.8517710459546,7,0.703316119
676,2013,1276,4,1905.0243880369642,20,0.606632023
677,2013,1433,5,1850.2344381710966,24,0.593396764
678,2013,1417,6,1804.3157767086607,26,0.568231458
679,2013,1361,7,1864.5254636341047,30,0.5847331060000001
680,2013,1314,8,1949.5951805093728,17,0.566900405
681,2013,1437,9,1789.599719073397,52,0.538670939
682,2013,1328,10,1777.2687900595215,39,0.5537657420000001
683,2013,1278,11,1781.0092601837075,34,0.594778177
684,2013,1103,12,1755.6241041118867,42,0.6183338279999999
685,2013,1355,13,1685.4451509201695,62,0.565191763
686,2013,1322,14,1498.3452462315718,78,0.56713143
687,2013,1195,15,1484.6573435760736,93,0.580399537
688,2013,1443,16,1502.5978065204001,150,0.49715658100000004
689,2013,1257,1,2048.7029324450987,3,0.7097757109999999
690,2013,1181,2,2050.363862025182,1,0.642491036
691,2013,1277,3,1968.5888048963047,9,0.6189042060000001
692,2013,1387,4,1855.5710745422455,16,0.641632282
693,2013,1329,5,1869.5454615078115,27,0.6502226879999999
694,2013,1272,6,1924.0833224029905,12,0.635087781
695,2013,1166,7,1842.0694241073086,25,0.636558133
696,2013,1161,8,1785.1666091465415,21,0.618916509
697,2013,1281,9,1933.3424856756562,36,0.6294236870000001
698,2013,1153,10,1862.8862483377138,50,0.57666528
699,2013,1292,11,1729.0016802876364,28,0.6629742439999999
700,2013,1388,11,1839.4480033118134,29,0.6160479670000001
701,2013,1332,12,1798.8780467365266,47,0.618288055
702,2013,1308,13,1712.2355337616054,55,0.603346391
703,2013,1434,14,1703.5850300043448,58,0.606874377
704,2013,1107,15,1467.7563976666852,132,0.565012976
705,2013,1251,16,1327.405479012242,287,0.46277680600000004
706,2013,1299,16,1301.984439578912,213,0.542010525
707,2013,1211,1,1988.0051853257266,6,0.719136874
708,2013,1326,2,2021.1050416733144,10,0.642019218
709,2013,1307,3,1919.4239006851592,2,0.613372293
710,2013,1243,4,1941.934185794844,19,0.579697601
711,2013,1458,5,1921.2801723724356,32,0.607424121
712,2013,1112,6,1872.0743029302664,15,0.62216819
713,2013,1323,7,1898.702646918853,35,0.580528523
714,2013,1338,8,1892.0807686781693,43,0.662182785
715,2013,1455,9,1845.8550824178,37,0.609861347
716,2013,1235,10,1833.3573730157289,45,0.575994597
717,2013,1125,11,1770.174896653469,18,0.632662658
718,2013,1279,12,1832.3127001689816,48,0.608932386
719,2013,1129,13,1670.7037258057721,44,0.519628222
720,2013,1247,13,1699.9681013061374,46,0.538477034
721,2013,1217,14,1675.744498609122,92,0.596222563
722,2013,1233,15,1669.257505554749,97,0.538970473
723,2013,1380,16,1306.232301761892,180,0.614004654
724,2014,1438,1,1963.5906252273105,8,0.654570117
725,2014,1437,2,1913.6426959008234,5,0.636814011
726,2014,1235,3,1906.871405432824,7,0.590087354
727,2014,1277,4,1977.0779934944476,18,0.608444149
728,2014,1153,5,1899.209974866868,21,0.618841051
729,2014,1314,6,1955.047928695848,25,0.595543401
730,2014,1163,7,1897.2854624994723,22,0.6045205379999999
731,2014,1272,8,1863.7368333302381,37,0.585753643
732,2014,1203,9,1692.8436727283765,29,0.594761644
733,2014,1386,10,1742.1654916940988,32,0.552714035
734,2014,1344,11,1785.7640347677795,40,0.553744159
735,2014,1217,12,1722.6559990016333,46,0.651970996
736,2014,1174,13,1613.2398545756378,65,0.528604637
737,2014,1300,14,1518.68936628299,99,0.6725105240000001
738,2014,1454,15,1515.631361847494,131,0.49286320100000003
739,2014,1157,16,1415.449025658816,196,0.48959292600000004
740,2014,1196,1,2068.364014763488,1,0.665681625
741,2014,1242,2,2034.9167699071688,3,0.604261339
742,2014,1393,3,1991.813831612196,16,0.597312689
743,2014,1417,4,1877.683372605649,14,0.610198209
744,2014,1433,5,1877.3734694582763,13,0.5848715329999999
745,2014,1326,6,1966.013892677328,24,0.645941596
746,2014,1307,7,1939.6306024867408,12,0.622237081
747,2014,1160,8,1762.192934304408,34,0.53621023
748,2014,1338,9,1912.9226598587884,39,0.618897621
749,2014,1390,10,1783.7319586608623,41,0.546830729
750,2014,1173,11,1742.5418091437164,43,0.55574451
751,2014,1372,12,1727.8555027812176,52,0.61944431
752,2014,1409,13,1682.3632390015923,73,0.57307969
753,2014,1444,14,1620.3653824099524,66,0.547280174
754,2014,1184,15,1564.6251803347568,97,0.523733754
755,2014,1107,16,1464.3388461542306,185,0.532312366
756,2014,1291,16,1421.0124014786795,189,0.474535098
757,2014,1455,1,1955.032816794054,4,0.697611735
758,2014,1276,2,1947.2555808833176,11,0.578567376
759,2014,1181,3,2026.6043760686719,9,0.591784898
760,2014,1257,4,2060.77408373967,19,0.712394298
761,2014,1387,5,1851.523946759836,27,0.604463407
762,2014,1269,6,1741.3389023620775,23,0.554016949
763,2014,1400,7,1850.123804652073,36,0.569120361
764,2014,1246,8,1922.6535825515289,17,0.632355848
765,2014,1243,9,1872.8670565495959,51,0.560213259
766,2014,1113,10,1717.8386512243871,44,0.565450789
767,2014,1234,11,1809.846018375408,56,0.637653467
768,2014,1397,11,1869.097004196992,42,0.592278448
769,2014,1301,12,1808.5221828284168,55,0.514889254
770,2014,1462,12,1790.0803591230906,47,0.552778317
771,2014,1264,13,1616.3319378412564,60,0.578670436
772,2014,1273,14,1590.9221076110935,81,0.605891906
773,2014,1459,15,1472.3387176842507,153,0.511930036
774,2014,1142,16,1490.7548027899275,208,0.457977494
775,2014,1411,16,1374.4658887585886,239,0.545779008
776,2014,1112,1,1965.119280428526,2,0.6960206409999999
777,2014,1458,2,1953.0029418883842,6,0.616137217
778,2014,1166,3,1914.1905682174552,10,0.608438865
779,2014,1361,4,1926.434295688486,15,0.635446599
780,2014,1328,5,1840.4375722865693,26,0.566883227
781,2014,1124,6,1886.2699683585065,30,0.551145024
782,2014,1332,7,1828.271084306188,28,0.580921535
783,2014,1211,8,1968.9888647867608,20,0.644742713
784,2014,1329,9,1877.1218354104146,45,0.618603792
785,2014,1140,10,1778.9983966323102,31,0.563854345
786,2014,1304,11,1749.2134276077554,48,0.524683818
787,2014,1295,12,1686.897855104561,35,0.577500614
788,2014,1308,13,1717.6398135942777,71,0.640471173
789,2014,1418,14,1523.7083230843728,90,0.519946043
790,2014,1110,15,1483.9063241424574,118,0.6021488220000001
791,2014,1451,16,1605.2098754220428,149,0.5541736820000001
792,2015,1437,1,2031.8680360729136,2,0.664181803
793,2015,1438,2,2048.1531196001856,7,0.710788808
794,2015,1328,3,1916.2313261989912,18,0.617824719
795,2015,1257,4,1999.2556383908031,21,0.625010191
796,2015,1320,5,1811.8270271895706,14,0.675935981
797,2015,1344,6,1823.856860114264,22,0.571060942
798,2015,1277,7,1939.202034134602,23,0.60979176
799,2015,1301,8,1838.0031250316024,39,0.554377211
800,2015,1261,9,1787.728622330852,57,0.587728092
801,2015,1208,10,1781.3558587275961,38,0.58442579
802,2015,1129,11,1787.452830768262,40,0.590937213
803,2015,1173,11,1779.5119579229424,32,0.602707949
804,2015,1461,12,1681.4029459423443,71,0.603340152
805,2015,1414,13,1598.9242584252124,88,0.5607432920000001
806,2015,1107,14,1522.424224227249,99,0.564989672
807,2015,1125,15,1664.4226985669775,105,0.5453121639999999
808,2015,1248,16,1453.2692287066625,122,0.527074006
809,2015,1181,1,2061.3383380000287,6,0.647017195
810,2015,1211,2,2024.8802802269367,8,0.711814919
811,2015,1235,3,1938.396029255309,9,0.5973801120000001
812,2015,1207,4,1882.0484338691904,25,0.581490453
813,2015,1428,5,1835.590895338638,19,0.687372653
814,2015,1374,6,1839.683371204517,12,0.63995157
815,2015,1234,7,1847.0191791062966,43,0.602324719
816,2015,1361,8,1905.747397096096,26,0.616269658
817,2015,1385,9,1803.7684484409751,44,0.555397195
818,2015,1172,10,1776.470822677925,35,0.584749237
819,2015,1417,11,1823.1089106537927,48,0.514249555
820,2015,1372,12,1773.1337061797879,33,0.6546257670000001
821,2015,1186,13,1519.2378452942637,74,0.521811204
822,2015,1412,14,1606.3390040338088,129,0.543554124
823,2015,1295,15,1661.1090942651074,92,0.5373138670000001
824,2015,1316,16,1490.2385579865634,162,0.569249914
825,2015,1352,16,1474.4888242408497,171,0.5139719460000001
826,2015,1246,1,2090.371154734025,1,0.809885582
827,2015,1242,2,1994.7142728773429,3,0.58512372
828,2015,1323,3,1914.1205355314708,16,0.62198516
829,2015,1268,4,1860.566366637073,13,0.606488585
830,2015,1452,5,1824.682125435436,24,0.545497274
831,2015,1139,6,1809.9529514715766,31,0.573850183
832,2015,1455,7,1959.1288257989186,17,0.660781294
833,2015,1153,8,1866.202468258753,37,0.628028687
834,2015,1345,9,1767.2604805391766,55,0.607378354
835,2015,1231,10,1801.132021927386,61,0.5393852570000001
836,2015,1400,11,1838.9672022851817,42,0.644760496
837,2015,1138,12,1671.9161518121552,28,0.57589642
838,2015,1434,13,1697.4371239122772,50,0.585947978
839,2015,1318,14,1566.478376241289,86,0.5722301470000001
840,2015,1308,15,1710.9596125880425,103,0.618192026
841,2015,1214,16,1353.238234957944,251,0.507560412
842,2015,1264,16,1590.3265122501655,168,0.511613066
843,2015,1458,1,2054.522599667516,4,0.689962898
844,2015,1112,2,2056.6739767844097,5,0.7160443540000001
845,2015,1124,3,1925.8899810892497,10,0.581686071
846,2015,1314,4,1957.591053785588,11,0.611265446
847,2015,1116,5,1823.905123588176,20,0.585486985
848,2015,1462,6,1832.6696705211261,30,0.584755801
849,2015,1433,7,1866.8799447751278,15,0.533400046
850,2015,1332,8,1839.7036985656039,27,0.5506897860000001
851,2015,1329,9,1813.446088734856,49,0.547694559
852,2015,1326,10,1924.163760704874,40,0.625826326
853,2015,1140,11,1818.632086125366,36,0.5747491229999999
854,2015,1279,11,1781.6294897476525,60,0.564321644
855,2015,1459,12,1573.1407715827704,47,0.5909785329999999
856,2015,1217,13,1685.0914763974688,52,0.577097185
857,2015,1209,14,1662.7778262094657,53,0.633466555
858,2015,1411,15,1439.8469216188064,118,0.519472982
859,2015,1157,16,1447.0267360485989,130,0.564692424
860,2016,1314,1,2043.0367864604725,5,0.635942139
861,2016,1462,2,1932.979447621928,7,0.619889755
862,2016,1452,3,1915.4213402267987,10,0.618582969
863,2016,1246,4,2042.223269116489,12,0.651731766
864,2016,1231,5,1905.2550973546079,24,0.630256344
865,2016,1323,6,1874.1460260559008,32,0.555658978
866,2016,1458,7,1949.0544476984628,42,0.558064011
867,2016,1425,8,1695.2637693082934,51,0.57666126
868,2016,1344,9,1843.292755567921,39,0.5441790479999999
869,2016,1338,10,1830.411477088247,52,0.553865016
870,2016,1276,11,1800.6356803473902,57,0.548107799
871,2016,1409,11,1746.268636495865,58,0.55665949
872,2016,1151,12,1541.4733369896735,50,0.568937464
873,2016,1392,13,1610.9657989318994,60,0.6212049
874,2016,1372,14,1794.2478202903585,62,0.650006897
875,2016,1451,15,1557.1249733750528,108,0.594816687
876,2016,1192,16,1297.7778929197093,204,0.46963496200000004
877,2016,1195,16,1502.6108161905966,213,0.5321657989999999
878,2016,1438,1,2064.1604709283442,3,0.626713096
879,2016,1277,2,2024.3586729025283,11,0.671349538
880,2016,1428,3,1858.9627482126016,8,0.5914623760000001
881,2016,1235,4,1921.4027834137216,22,0.575589996
882,2016,1345,5,1893.3945457921552,14,0.652494865
883,2016,1371,6,1831.480630340239,19,0.590463918
884,2016,1173,7,1796.5528034660995,21,0.605490998
885,2016,1403,8,1705.517141860483,36,0.559060727
886,2016,1139,9,1829.2398936227664,56,0.583915426
887,2016,1393,10,1851.0522590156838,71,0.543735555
888,2016,1211,11,1989.923880735224,44,0.635085562
889,2016,1114,12,1599.8943717910922,46,0.6112432489999999
890,2016,1233,13,1684.1167130572012,77,0.568089186
891,2016,1201,14,1661.2900741866297,66,0.536482462
892,2016,1292,15,1652.8031554328659,78,0.529782168
893,2016,1214,16,1404.8554022664011,154,0.522018835
894,2016,1242,1,2060.580741045678,1,0.641626144
895,2016,1437,2,2048.6743477640853,4,0.64853809
896,2016,1274,3,1889.4628343925351,9,0.603497038
897,2016,1143,4,1805.1238938729227,16,0.5783985079999999
898,2016,1268,5,1899.4428641432487,15,0.60500864
899,2016,1112,6,2014.945056968299,26,0.643217024
900,2016,1234,7,1902.5047097591373,29,0.5989351279999999
901,2016,1160,8,1749.7164346002326,35,0.5581368179999999
902,2016,1163,9,1866.765017475775,41,0.624221027
903,2016,1396,10,1751.3641574733422,59,0.502107697
904,2016,1435,11,1832.4670839628127,61,0.6063533
905,2016,1455,11,1922.8400892317306,48,0.654959789
906,2016,1355,12,1695.8163164028495,28,0.558174565
907,2016,1218,13,1645.4096517204205,80,0.644362015
908,2016,1138,14,1617.6350598578479,91,0.498142715
909,2016,1421,15,1471.0419376458053,138,0.572456999
910,2016,1122,16,1344.4959231163455,189,0.47693821
911,2016,1332,1,1933.772885366705,2,0.608267339
912,2016,1328,2,1971.6542787206515,6,0.608642139
913,2016,1401,3,1876.1285546138893,17,0.6174717439999999
914,2016,1181,4,1997.081866536364,20,0.572694421
915,2016,1124,5,1886.3902173004026,25,0.547635126
916,2016,1400,6,1837.501083834368,27,0.536193328
917,2016,1333,7,1700.4362405952136,33,0.49873656200000005
918,2016,1386,8,1762.1540479763062,23,0.600196533
919,2016,1153,9,1851.5367853690127,47,0.627953411
920,2016,1433,10,1845.6657531708859,31,0.5694163879999999
921,2016,1320,11,1757.08983411068,70,0.554919178
922,2016,1463,12,1650.116927616051,43,0.634158012
923,2016,1423,13,1592.6077322106594,45,0.566015693
924,2016,1453,14,1655.2925558114869,113,0.5307913910000001
925,2016,1167,15,1511.5862216067526,118,0.6249750070000001
926,2016,1221,16,1369.4519167177102,248,0.45934830000000004
927,2016,1380,16,1345.1806155369368,186,0.518836779
928,2017,1437,1,2097.3985735448928,1,0.648242185
929,2017,1181,2,2021.1976865674328,6,0.60512932
930,2017,1124,3,1954.218532356121,11,0.606254442
931,2017,1196,4,1944.4849045536614,10,0.631280661
932,2017,1438,5,2009.7897978972267,18,0.625498593
933,2017,1374,6,1965.929014572248,13,0.672475947
934,2017,1376,7,1801.4241941233026,43,0.580692396
935,2017,1458,8,1936.381169699776,36,0.620840993
936,2017,1439,9,1746.415267462821,48,0.545516131
937,2017,1266,10,1791.3502844879054,61,0.549646645
938,2017,1344,11,1821.4735065483994,56,0.553756264
939,2017,1425,11,1766.3990555873459,41,0.567816933
940,2017,1423,12,1696.0052051838654,27,0.548961556
941,2017,1190,13,1603.285263338162,55,0.610972706
942,2017,1308,14,1678.2834941726942,59,0.616730166
943,2017,1407,15,1447.5070245990937,147,0.53060898
944,2017,1291,16,1396.5776027642034,150,0.501647112
945,2017,1309,16,1395.6952289241378,154,0.5533194020000001
946,2017,1211,1,2041.0626763781388,8,0.749290738
947,2017,1112,2,2041.9208261464003,2,0.635324722
948,2017,1199,3,1866.0930496525305,14,0.608957898
949,2017,1452,4,1973.4988475987752,24,0.653812191
950,2017,1323,5,1916.3299736814624,23,0.574874816
951,2017,1268,6,1858.5842742348632,34,0.553715097
952,2017,1388,7,1879.270965277821,17,0.675512698
953,2017,1321,8,1770.2475674792838,51,0.5567488389999999
954,2017,1435,9,1813.661947232232,38,0.539910187
955,2017,1433,10,1841.2181516943226,22,0.585685766
956,2017,1462,11,1856.6558294239392,37,0.543888784
957,2017,1343,12,1710.3766414018398,47,0.577013614
958,2017,1137,13,1596.3973897005544,63,0.59849593
959,2017,1195,14,1547.97980380403,85,0.561251498
960,2017,1315,15,1504.751355824321,144,0.5524944279999999
961,2017,1355,16,1607.4998193203062,155,0.500664722
962,2017,1242,1,2079.1004063937553,3,0.5926770929999999
963,2017,1257,2,2009.2408391862048,7,0.616223788
964,2017,1332,3,2000.0829512701966,9,0.646645536
965,2017,1345,4,1940.6410676223315,19,0.63976819
966,2017,1235,5,1944.937305146676,21,0.5682767639999999
967,2017,1166,6,1864.508090889444,26,0.5819728270000001
968,2017,1276,7,1904.7104112048864,25,0.5789066629999999
969,2017,1274,8,1874.3795113330611,42,0.565076289
970,2017,1277,9,1892.0439262641128,50,0.549213295
971,2017,1329,10,1830.6082023339081,40,0.546039893
972,2017,1348,11,1790.6217213123284,31,0.5897818029999999
973,2017,1305,12,1757.398305852014,29,0.589477502
974,2017,1436,13,1652.4190783350734,46,0.6222653810000001
975,2017,1233,14,1605.2210280852264,88,0.543554646
976,2017,1240,15,1408.1582738224267,151,0.540353721
977,2017,1300,16,1458.3870547034915,202,0.6235426629999999
978,2017,1413,16,1496.1407267719776,166,0.500276646
979,2017,1314,1,2053.0640458516386,5,0.627236448
980,2017,1246,2,2070.612612672763,4,0.653531158
981,2017,1417,3,1904.861295281085,16,0.637020058
982,2017,1139,4,1892.8320871417689,15,0.590443688
983,2017,1278,5,1751.5216527800278,20,0.5756074520000001
984,2017,1153,6,1906.9403459718521,12,0.648187921
985,2017,1173,7,1822.3721685886544,30,0.594419766
986,2017,1116,8,1809.0597974879568,28,0.560825783
987,2017,1371,9,1839.455532737784,44,0.522120347
988,2017,1455,10,1956.8773984032905,32,0.712834909
989,2017,1243,11,1783.7639907323514,57,0.576282276
990,2017,1448,11,1730.4384669342874,39,0.548144583
991,2017,1292,12,1766.3660611761554,35,0.6138443610000001
992,2017,1457,13,1543.075357544238,70,0.590713468
993,2017,1245,14,1574.078437969891,142,0.517183009
994,2017,1297,15,1506.149772144785,87,0.526055597
995,2017,1411,16,1450.494194073146,105,0.566242686
996,2018,1437,1,2113.1927125909874,2,0.61990905
997,2018,1345,2,2001.3421524953073,10,0.656343354
998,2018,1403,3,1857.8892123972814,22,0.650836121
999,2018,1455,4,1965.935748839987,12,0.621072011
1000,2018,1452,5,1955.6233370444415,31,0.599357473
1001,2018,1196,6,1899.6784395279485,38,0.549393456
1002,2018,1116,7,1811.8081906290424,30,0.546346253
1003,2018,1439,8,1807.0525947089982,51,0.56890092
1004,2018,1104,9,1784.546478928018,58,0.54099275
1005,2018,1139,10,1865.3492430302124,45,0.551269459
1006,2018,1382,11,1764.6616208048486,21,0.570009943
1007,2018,1417,11,1882.664086166963,36,0.555693462
1008,2018,1293,12,1613.1603020526104,49,0.623090844
1009,2018,1267,13,1618.1308290452796,102,0.555097477
1010,2018,1372,14,1607.862851742979,129,0.586334881
1011,2018,1168,15,1492.0263405232447,162,0.5139119529999999
1012,2018,1254,16,1352.0985183040311,249,0.510912798
1013,2018,1347,16,1410.2541141353788,123,0.519995062
1014,2018,1242,1,2020.6101215941062,5,0.594211889
1015,2018,1181,2,2036.0232342250158,4,0.6420057920000001
1016,2018,1277,3,1975.8183541099595,15,0.686596276
1017,2018,1120,4,1805.003942655104,8,0.581029227
1018,2018,1155,5,1850.1091558837675,11,0.5782225670000001
1019,2018,1395,6,1814.7706414559202,20,0.562815459
1020,2018,1348,7,1811.5596451151075,16,0.557683441
1021,2018,1371,8,1859.8973727340488,27,0.5679933229999999
1022,2018,1301,9,1766.5345141949024,53,0.540413834
1023,2018,1328,10,1798.5880160764218,37,0.5231040220000001
1024,2018,1113,11,1739.417972098227,59,0.5691337129999999
1025,2018,1393,11,1795.949913749256,39,0.535060037
1026,2018,1308,12,1726.1900464135153,40,0.62941322
1027,2018,1158,13,1649.8553011683036,66,0.548712953
1028,2018,1137,14,1654.1383922474647,84,0.584430219
1029,2018,1233,15,1589.1012756729504,106,0.529737372
1030,2018,1335,16,1582.5784444503531,124,0.5742873039999999
1031,2018,1438,1,2106.6142159630267,1,0.676253427
1032,2018,1153,2,1989.2843323329287,7,0.7109538059999999
1033,2018,1397,3,1862.7497150761167,9,0.5903946529999999
1034,2018,1112,4,2010.5982367449149,18,0.617238532
1035,2018,1246,5,1998.593366444462,17,0.571033389
1036,2018,1274,6,1874.826805850824,25,0.552099924
1037,2018,1305,7,1819.946904716225,14,0.599601368
1038,2018,1166,8,1865.009726955853,35,0.570902075
1039,2018,1243,9,1825.1069982762265,62,0.555122473
1040,2018,1400,10,1796.5222113710522,48,0.5405588610000001
1041,2018,1260,11,1740.8276947529655,26,0.622445637
1042,2018,1172,12,1770.6165737091476,81,0.581897542
1043,2018,1138,13,1705.1853490306094,32,0.558652296
1044,2018,1460,14,1598.4555161005762,101,0.582868475
1045,2018,1209,15,1595.3075284908568,145,0.566336333
1046,2018,1420,16,1405.54965648231,139,0.515385639
1047,2018,1462,1,1945.79026916872,3,0.603885789
1048,2018,1314,2,2020.4702000890527,6,0.574134814
1049,2018,1276,3,1975.517556567178,13,0.603617036
1050,2018,1211,4,2055.1647558244813,29,0.658679305
1051,2018,1326,5,1854.5796113947965,23,0.601452963
1052,2018,1222,6,1848.6322341201999,19,0.6231819820000001
1053,2018,1401,7,1802.5425815175602,24,0.558138617
1054,2018,1281,8,1698.537259167959,33,0.5725004779999999
1055,2018,1199,9,1857.4830269127053,44,0.583144809
1056,2018,1344,10,1792.2191813174036,42,0.510410566
1057,2018,1361,11,1783.7378208158755,90,0.586808378
1058,2018,1355,12,1700.1805617371824,50,0.5734723079999999
1059,2018,1422,13,1593.8069513805176,65,0.5743821889999999
1060,2018,1285,14,1603.3712863734986,96,0.595119201
1061,2018,1252,15,1500.1751140317997,104,0.52126081
1062,2018,1300,16,1335.9630599824013,315,0.503014694
1063,2018,1411,16,1381.3830298767186,240,0.49509063200000003
